name,discount_price,price,description,discount %
"Lenovo ThinkBook 16 G7 IML 21MS00C3ED - 16"" Touchscreen - Core Ultra 7 155H - 16GB Ram - 512GB SSD - Intel Arc Graphics - 3 Years Warranty",$870.00,$950.00,"Specifications: Processor: Intel® Core™ Ultra 7 155H, 16C (6P + 8E + 2LPE) / 22T, Max Turbo up to 4.8GHz, 24MB Memory: 1x 16GB SO-DIMM DDR5-5600 Storage: 512GB SSD M.2 2242 PCIe® 4.0x4 NVMe® Display: 16"" WUXGA (1920x1200) IPS 300nits Anti-glare, 45% NTSC, 60Hz, Touch. ...",-8%
"HP 17-CP3005DX - 17.3"" - Ryzen 5 7430U - 8GB Ram - 512GB SSD - AMD Radeon Graphics",$550.00,$800.00,"Specifications: Processor: AMD Ryzen™ 5 7430U  Memory: 8GB Ram  Storage: 512GB SSD Display: 17.3"" (1920 x 1080) FHD, IPS, LED Display, 300 nits Graphics: AMD Radeon Graphics  Ports: (2) USB 3.2 Gen 1.0 Type-A ports; 5 Gbps signaling rate (one on each side) (1) USB 3.2...",-31%
"HP Envy X360 16-AC0033DX - 16"" Touchscreen - Core Ultra 7 155U - 32GB Ram - 2TB SSD - Intel Graphics","$1,270.00","$1,350.00","Specifications: Processor: Intel® Core™ Ultra 7 Processor 155U. 12M Cache, up to 4.80 GHz. Memory: 32GB  LPDDR5-SDRAM Storage: 2TB SSD Display: 16″ (40.6 cm) WUXGA (1920×1200) Touchscreen.  Graphics: Intel Graphics Ports: HDMI, 2x USB 3.2 Gen 2 (3.1 Gen 2) Type-A, 1x USB 3.2 Gen 2 (3.1...",-6%
"Lenovo ThinkPad X1 Carbon G12 - 21KCCTO1WW-20 - 14"" Touchscreen - Core Ultra 7 165U - 64GB Ram - 2TB SSD - Intel Graphics","$2,799.00","$3,000.00","Specifications: Processor: Intel® Core™ Ultra 7 165U, 12C (2P + 8E + 2LPE) / 14T, Max Turbo up to 4.9GHz, 12MB.   Memory: 64GB Ram Storage: 2TB SSD Display: 14"" 2.8K (2880x1800) TOUCHSCREEN OLED 120Hz.   Graphics: Integrated Intel® Graphics Ports: 2 x USB-C® (Thunderbolt™ 4, USB...",-7%
"Lenovo Yoga 9 2-In-1 14IMH9 - 83AC0001US - 14"" Touchscreen - Core Ultra 7 155H - 16GB Ram - 1TB SSD - Intel Arc Graphics - Includes Lenovo Slim Pen","$1,350.00","$1,650.00","Specifications: Processor: Intel® Core™ Ultra 7 155H, 16C (6P + 8E + 2LPE) / 22T, Max Turbo up to 4.8GHz, 24MB.  Memory: 16GB Soldered LPDDR5x-7467.  Storage: 1TB SSD M.2 2242 PCIe® 4.0x4 NVMe.  Display: 14"" 2.8K WQXGA+ (2880x1800) OLED 400nits Glossy / Anti-fingerprint, 100%...",-18%
"Lenovo ThinkPad T14 Gen 5 - 14"" Touchscreen - Core Ultra 7 155U - 32GB Ram - 512GB SSD - Intel Graphics","$1,250.00","$1,500.00","Specifications: Processor: Intel® Core™ Ultra 7 155U Processor (E-Core Max 3.80 GHz, P-Core Max 4.80 GHz with Turbo Boost, 12 Cores, 14 Threads, 12 MB Cache).  Memory: 2x 16GB SO-DIMM DDR5-5600.   Storage: 512GB SSD M.2 2280 PCIe® 4.0x4 Performance NVMe® Opal 2.0.  Display: 14""...",-17%
"Samsung Galaxy Book4 Pro - 16"" Touchscreen - Core Ultra 7 155H - 16GB Ram - 1TB SSD - Intel Arc Graphics","$1,470.00","$1,600.00","Specifications: Processor:  Intel Core Ultra 7 155H.  Memory: 16GB RAM.  Storage: 1TB SSD.  Display:  16"" 3K Dynamic AMOLED 2X, Anti-reflective Display, Touchscreen. Graphics: Intel Arc Graphics Ports: 1 x HDMI 2.1  2 x Thunderbolt™ 4.  1 x USB 3.2.  1 x MicroSD 1 x Headphone/Mic combo. ...",-8%
"HP 17-CP3045 - 17.3"" Touchscreen - Ryzen 7 7730U - 16GB Ram - 1TB + 512GB SSD - AMD Radeon Graphics",$750.00,$850.00,"Specifications: Processor: AMD Ryzen™ 7 7730U (up to 4.5 GHz maximum boost clock, 16 MB L3 cache, 8 cores, 16 threads) Memory: 16 GB DDR4-3200 MHz RAM (2 x 8 GB) Storage: 1TB + 512GB SSD Display: 43.9 cm (17.3 in) diagonal, HD+, touchscreen, BrightView, 250 nits,...",-12%
"Lenovo Thinkpad P16s G2 21HK003JUS - 16"" Touchscreen - Core I7-1360P - 16GB Ram - 512GB SSD - RTX A500 4GB","$1,150.00","$1,250.00","Specifications: Processor: Intel® Core™ i7-1360P, 12C (4P + 8E) / 16T, P-core 2.2 / 5.0GHz, E-core 1.6 / 3.7GHz, 18MB.  Memory: 16GB Soldered LPDDR5x-7500 Non-ECC.  Storage: 512GB SSD M.2 2280 PCIe® 4.0x4 Performance NVMe® Opal 2.0.  Display: 16"" WUXGA (1920x1200) IPS 300nits Anti-glare, 45%...",-8%
"Lenovo V15 G4 IRU 83A1009DED - 15.6"" - Core I5-13420H - 8GB Ram - 256GB SSD - Intel UHD Graphics",$550.00,$650.00,"Specifications: Processor: Intel® Core™ i5-13420H, 8C (4P + 4E) / 12T, P-core 2.1 / 4.6GHz, E-core 1.5 / 3.4GHz, 12MB.  Memory: 8GB Soldered DDR4-3200.  Storage: 256GB SSD M.2 2242 PCIe® 4.0x4 NVMe®.  Display: 15.6"" FHD (1920x1080) TN 250nits Anti-glare, 45% NTSC.  Graphics: Integrated Intel®...",-15%
"Lenovo V15 G2 82QY00PEFE - 15.6"" - Celeron N4500 - 8GB Ram - 256GB SSD - Intel UHD Graphics",$250.00,$280.00,"Specifications: Processor: Intel® Celeron® N4500 (2C / 2T, 1.1 / 2.8GHz, 4MB).  Memory: 1x 8GB SO-DIMM DDR4-2933.  Storage: 256GB SSD M.2 2242 PCIe® 3.0x4 NVMe®.  Display: 15.6"" FHD (1920x1080) TN 250nits Anti-glare.  Graphics: Integrated Intel® UHD Graphics.  Ports: 1x USB 2.0 1x USB 3.2...",-11%
"HP Envy X360 2-In-1 Laptop 16t-Ac000 - 16"" Touchscreen - Core Ultra 7 155U - 16GB Ram - 512GB SSD - Intel Graphics - Pen Included","$1,000.00","$1,100.00","Specifications: Processor: Intel® Core™ Ultra 7 155U (up to 4.8 GHz, 12 MB L3 cache, 12 cores, 14 threads).  Memory: 16 GB(Onboard) DDR4.  Storage: 512 GB PCIe® NVMe™ M.2 SSD Display: 16"" diagonal, WUXGA (1920 x 1200), multitouch-enabled, IPS, 300 nits.  Graphics: Intel® Graphics  Ports:...",-9%
"Acer Aspire 3 Spin 14 - A3SP14-31PT-38YA - 14"" Touchscreen - Core I3-N305 - 8GB Ram - 256GB SSD - Intel UHD Graphics",$425.00,$470.00,"Specifications: Processor: Intel Core™ i3-N305 - 1.80GHz - Octa-core (8 Core™).  Memory: 8GB Ram LPDDR.  Storage: 256 GB PCIe NVME M.2   Display: 14"" Touchscreen (1920 x 1200), LCD, In-plane Switching (IPS) Technology ComfyView, LED Backlight technology, 60Hz, 16:10 Graphics: Intel® UHD Graphics.  Ports: HDMI:...",-10%
"Dell XPS 13 9350 Copilot+ PC - 13.4"" - Ultra 7 256V - 16GB Ram - 512GB SSD - Intel® Arc™ Graphics","$1,299.00","$1,450.00","Specifications: Processor: Intel® Core™ Ultra 7 processor 256V Series 2 (12MB Cache, 8 cores, up to 4.8 GHz).  Memory: 16GB, LPDDR5X, 8533MT/s, integrated. Storage: 512 GB, M.2, PCIe NVMe, SSD.  Display: 13.4"", Non-Touch, FHD+ 1920x1200, 30-120Hz, Anti-Glare, 500 nit, Eyesafe®, InfinityEdge.  Graphics: Intel® Arc™...",-10%
"Lenovo ThinkPad X1 Carbon Gen 11 21HMS4VA00 - 14"" - Core I7-1355U - 16GB Ram - 1TB SSD - Intel Iris Xe","$1,299.00","$1,700.00","Specifications:  Processor: Intel® Core™ i7-1355U, 10C (2P + 8E) / 12T, P-core 1.7 / 5.0GHz, E-core 1.2 / 3.7GHz, 12MB. Memory: 16GB Soldered LPDDR5-6400.  Storage: 1TB SSD M.2 2280 PCIe® 4.0x4 NVMe® Opal 2.0  Display: 14"" WUXGA (1920x1200) IPS 400nits Anti-glare, 100% sRGB, Low...",-24%
"Samsung Galaxy Book3 NP750XFG-KB2US - 15.6"" - Core I7-1355U - 16GB Ram - 512GB SSD - Intel Iris Xe",$600.00,$700.00,"Specifications: Processor: Intel® Core™ i7-1355U Processor(1.7 GHz up to 5.0 GHz 12 MB L3 Cache). Memory: 16 GB LPDDR4x Memory (On Board 16 GB).  Storage: 512 GB NVMe SSD.  Display: 39.62cm (15.6"") FHD LED Display (1920 x 1080), Anti-Glare.   Graphics: Intel Iris Xe...",-14%
"Lenovo IdeaPad Pro 5 16IMH9 83D4001HUS - 16"" Touchscreen - Core Ultra 9 185H - 32GB Ram - 1TB SSD - RTX 4050 6GB","$1,450.00","$1,500.00","Specifications: Processor: Intel® Core™ Ultra 9 185H, 16C (6P + 8E + 2LPE) / 22T, Max Turbo up to 5.1GHz, 24MB.  Memory: 32GB soldered memory, not upgradable.    Storage: 1TB SSD M.2 2242 PCIe® 4.0x4 NVMe®.  Display: 16"" 2K (2048x1280) OLED 400nits Glossy, 100%...",-3%
"Microsoft Surface Laptop (7th Edition) ZGP-00037 Copilot+ PC - 13.8"" TouchScreen - Qualcomm Snapdragon X Elite - 16GB Ram - 512GB SSD - Qualcomm Adreno GPU","$1,350.00","$1,650.00",Specifications: Processor: Snapdragon® X Elite (12 Core).  NPU: Qualcomm® Hexagon™ with 45 trillion operations per second.  Memory: 16GB LPDDR5x RAM.  Storage: 512GB Removable solid-state drive (Gen 4 SSD).  Display: Touchscreen: 13.8” PixelSense Flow™ Display; Resolution: 2304 x 1536 (201 PPI); Aspect ratio: 3:2; Contrast ratio 1400:1; Dynamic refresh rate...,-18%
"Microsoft Surface Laptop (7th Edition) EP2-06079 Copilot+ PC - 13.8"" TouchScreen - Snapdragon® X Plus - 16GB Ram - 1TB SSD - Qualcomm Adreno GPU","$1,250.00","$1,350.00",Specifications: Processor: Snapdragon® X Plus (10 Core).  NPU: Qualcomm® Hexagon™ with 45 trillion operations per second.  Memory: 16GB LPDDR5x RAM.  Storage: 1TB Removable solid-state drive (Gen 4 SSD).  Display: Touchscreen: 13.8” PixelSense Flow™ Display; Resolution: 2304 x 1536 (201 PPI); Aspect ratio: 3:2; Contrast ratio 1400:1; Dynamic refresh rate...,-7%
"ASUS Vivobook 16X OLED K3605VU - 16"" - Core I9-13900H - 16GB Ram - 1TB SSD - RTX 4050 6GB","$1,150.00","$1,450.00","Specifications: Processor: Intel® Core™ i9-13900H Processor 2.6 GHz (24MB Cache, up to 5.4 GHz, 14 cores, 20 Threads).  Memory: 16GB DDR4 on board.  Storage: 1TB SSD  Display: 16.0-inch, WUXGA (1920 x 1200) 16:10 aspect ratio, IPS-level Panel, LED Backlit, 120Hz refresh rate, 300nits, 100%...",-21%
"HP Pavilion Plus 16T-AB000 - 16"" - Core I7-13700H - 16GB Ram - 512GB SSD - RTX 3050 6GB",$850.00,$900.00,"Specifications: Processor: Intel® Core™ i7-13700H (up to 5.0 GHz, 24 MB L3 cache, 14 cores, 20 threads).  Memory: 16 GB(Onboard).  Storage: 512 GB PCIe® NVMe™ TLC M.2 SSD (4x4 SSD).  Display: 16"" diagonal, WQXGA (2560 x 1600), 48-120 Hz, IPS, micro-edge, anti-glare, Low Blue...",-6%
"HP Envy 17-CW1010 - 17.3"" Touchscreen - Core Ultra 7 155H - 16GB Ram - 1TB SSD - Intel Arc Graphics",$800.00,$880.00,"Specifications: Processor: Intel® Core™ Ultra 7 155H (up to 4.8 GHz, 24 MB L3 cache, 16 cores, 22 threads).   Memory: 16 GB DDR5-5600 MHz RAM (2 x 8 GB).  Storage: 1 TB PCIe® NVMe™ M.2 SSD.  Display: 17.3"" diagonal, FHD (1920 x 1080), multitouch-enabled,...",-9%
"HP Laptop 15-Fd0095WM - 15.6"" - Core I5-1235U - 8GB Ram - 256GB SSD - Intel Iris Xe",$450.00,$520.00,"Specifications: Processor: Intel® Core™ i5-1235U (up to 4.4 GHz with Intel® Turbo Boost Technology, 12 MB L3 cache, 10 cores, 12 threads).  Memory: 8 GB DDR4-3200 MT/s (1 x 8 GB).  Storage: 256GB PCIe® NVMe™ M.2 SSD.  Display: 39.6 cm (15.6"") diagonal, FHD (1920 x...",-13%
"Lenovo IdeaPad Slim 3 82XB008LUS - 15.6"" - Core I3-N305 - 8GB Ram - 256GB SSD - Intel UHD Graphics",$330.00,$380.00,"Specifications: Processor: Intel® Core™ i3-N305 (8C / 8T, 1.8 / 3.8GHz, 6MB).  Memory: 8GB Soldered LPDDR5-4800.  Storage: 256GB SSD M.2 2242 PCIe® 4.0x4 NVMe®.  Display: 15.6"" FHD (1920x1080) TN 250nits Anti-glare.  Graphics: Integrated Intel® UHD Graphics.  Ports: 2x USB 3.2 Gen 1.  1x USB-C®...",-13%
"Lenovo IdeaPad 1 82QD00DHUS - 15.6"" Touchscreen - Core I3-1215U - 8GB Ram - 256GB SSD - Intel UHD Graphics",$450.00,$550.00,"Specifications: Processor: Intel® Core™ i3-1215U, 6C (2P + 4E) / 8T, P-core 1.2 / 4.4GHz, E-core 0.9 / 3.3GHz, 10MB.  Memory: 8GB Soldered DDR4-3200.  Storage: 256GB SSD M.2 2242 PCIe® 4.0x4 NVMe.  Display: 15.6"" FHD (1920x1080) IPS 300nits Anti-glare, Touch.  Graphics: Integrated Intel® UHD...",-18%
"HP Laptop 15t-Fd000 (70R14AV) - 15.6"" - Core I7-1355U - 8GB Ram - 256GB SSD - Intel Iris Xe Graphics",$700.00,$800.00,"Specifications: Processor: Intel® Core™ i7-1355U (up to 5.0 GHz, 12 MB L3 cache, 10 cores, 12 threads).  Memory: 8 GB DDR4-3200 SDRAM (1 X 8 GB).  Storage: 256 GB PCIe® NVMe™ M.2 SSD.  Display: 15.6"" diagonal, HD (1366 x 768), micro-edge, BrightView, 250 nits. ...",-13%
"HP Laptop 15-FD0107DX (A9PE7UA)- 15.6"" Touchscreen - Core I7-1255U - 16GB Ram - 512GB SSD - Intel Iris Xe Graphics",$750.00,$850.00,"Specifications: Processor: Intel Core i7-1255U (12th Gen) Up to 4.7 GHz Performance Dual-Core, Up to 3.5 GHz Efficiency 8-Core, 12 MB cache.  Memory: 16GB DDR4-SDRAM.  Storage: 512 GB PCIe® NVMe™ M.2 SSD.  Display: 15.6"" Touchscreen (1920 x 1080), FHD, IPS, Antiglare screen, Brightness 300 cd/m², Micro-Edge Graphics: Intel...",-12%
"Lenovo IdeaPad 1 82LX00CKDP - 15.6"" - Celeron® N4500 - 8GB Ram - 256GB SSD - Intel® UHD Graphics",$270.00,$300.00,"Specifications: Processor: Intel® Celeron® N4500 (2C / 2T, 1.1 / 2.8GHz, 4MB).  Memory: 8GB SO-DIMM DDR4-2933.  Storage: 256GB SSD M.2 2242 PCIe® 4.0x4 NVMe®.  Display: 15.6"" HD (1366x768) TN 220nits Anti-glare.  Graphics: Integrated Intel® UHD Graphics.  Ports: 1x USB 2.0 1x USB 3.2 Gen...",-10%
"Acer SWIFT GO - SFG14-73T-75FA - 14"" Touchscreen - Core Ultra 7 155H - 16GB Ram - 1TB SSD - Intel Arc Graphics",$825.00,$900.00,"Specifications: Processor: Intel Core Ulta 7 155H, 1.40 GHz, Hexadeca-core (16 Core™) Memory: 16GB LPDDR5X Ram Storage: 1TB PCIe NVMe M.2 SSD Display: 14"" LCD ( 1920 x 1200) ComfyView (Matte) In-plane Switching (IPS) Technology Eyesafe, Touchscreen, 60Hz, 16:10 aspect ratio, 100% sRGB color Gamut.  Graphics: Intel Arc...",-8%
"HP 17T-CN300 947N1AV - 17.3"" - Core I5-1334U - 8GB Ram - 256GB SSD - Intel Graphics",$600.00,$700.00,"Specifications: Processor: Intel® Core™ i5-1334U (up to 4.6 GHz, 12 MB L3 cache, 10 cores, 12 threads).  Memory: 8 GB DDR4-3200 SDRAM (2 X 4 GB) Storage: 256 GB PCIe® NVMe™ M.2 SSD.  Display: 17.3"" diagonal, HD+ (1600 x 900), BrightView, 250 nits.  ...",-14%
"HP Pavilion 16-AF0063CL - 16"" Touchscreen - Core 5 120U - 16GB Ram - 1TB SSD - Intel Graphics",$775.00,$850.00,"Specifications: Processor: Intel® Core™ 5 120U (up to 5.0 GHz, 12 MB L3 cache, 10 cores, 12 threads). Memory: 16GB DDR5 RAM.  Storage: 1 TB PCIe® NVMe™ M.2 SSD Display: 16"" diagonal, WUXGA (1920 x 1200), touch, IPS, micro-edge, anti-glare, 300 nits.  Graphics: Intel Graphics.  Ports: ...",-9%
"HP 17-CN4065CL - 17.3"" - Core 7 150U - 16GB Ram - 1TB SSD - Intel Graphics",$900.00,"$1,050.00","Specifications: Processor: Intel® Core™ 7 150U (up to 5.4 GHz with Intel® Turbo Boost Technology, 12 MB L3 cache, 10 cores, 12 threads) Memory: 16 GB DDR4 Ram.  Storage: 1 TB NVMe M.2 SSD Display: 17.3"" HD+ (1600 x 900) IPS Touchscreen Anti-Glare 250...",-14%
"Dell Inspiron 14 7445 2in1 Laptop - 14"" Touchscreen - Ryzen 5 8640HS - 8GB Ram - 512GB SSD - AMD Radeon Graphics",$650.00,$800.00,"Specifications: Processor: AMD Ryzen™ 5 8640HS 6-core/12-thread. Memory: 8 GB: 1 x 8 GB, DDR5, 5200 MT/s.  Storage: 512GB M.2 PCIe NVMe Solid State Drive.  Display: 14"", Touch, FHD+ 1920x1200, 60Hz, WVA, IPS, 250 nit, ComfortView.  Graphics: AMD Radeon™ Graphics.  Ports 2 USB Type-C®...",-19%
"Lenovo IdeaPad 1 82VG00QFUS - 15.6"" - Ryzen 5 7520U - 16GB Ram - 256GB SSD - AMD Radeon 610M Graphics",$470.00,$600.00,"Specifications: Processor: AMD Ryzen™ 5 7520U (4C / 8T, 2.8 / 4.3GHz, 2MB L2 / 4MB L3).  Memory: 16GB Soldered LPDDR5-5500. Storage: 256GB SSD M.2 2242 PCIe® 4.0x4 NVMe®.  Display: 15.6"" FHD (1920x1080) TN 220nits Anti-glare.   Graphics: Integrated AMD Radeon™ 610M Graphics.  Ports:...",-22%
"Lenovo Yoga Slim 7 15ILL9 - 15.3"" Touchscreen - Core Ultra 7 256V - 16GB Ram - 1TB SSD - Intel Arc Graphics 140V","$1,350.00","$1,500.00","Specifications: Processor: Intel® Core™ Ultra 7 256V, 8C (4P + 4LPE) / 8T, Max Turbo up to 4.8GHz, 12MB.  AI PC Category: Copilot+ PC Memory: 16GB Soldered LPDDR5x-8533, MoP Memory.  Storage: 1TB SSD M.2 2242 PCIe® 4.0x4 NVMe®.  Display: 15.3"" 2.8K WQXGA+ (2880x1800) IPS 500nits...",-10%
"HP Laptop 15-Fd0143ne (B05A5EA)- 15.6"" - Core I7-1355U - 8GB Ram - 512GB SSD - MX570 2GB",$750.00,$850.00,"Specifications: Processor: Intel® Core™ i7-1355U (up to 5.0 GHz with Intel® Turbo Boost Technology, 12 MB L3 cache, 10 cores, 12 threads).  Memory: 8 GB DDR4-3200 MHz RAM (1 x 8 GB).  Storage: 512 GB PCIe® NVMe™ M.2 SSD.  Display: 39.6 cm (15.6"") diagonal, FHD...",-12%
"HP EliteBook 840 G11 - 14"" - Core Ultra 5-125U - 16GB Ram - 512GB SSD - Intel Graphics",$900.00,"$1,100.00","Specifications: Processor: Intel® Core™ Ultra 5-125U (3.6 GHz, up to 4.3 GHz, 12 MB cache, 12 core).  Memory: 16 GB DDR5 Ram  Storage: 512 GB PCIe NVMe SSD.  Display: 35.6 cm (14"") diagonal, FHD (1920 x 1080), IPS, anti-glare, 400 nits, 72% NTSC.  Graphics:...",-18%
"HP Laptop 15-Fd0149ne (B05B1EA) - 15.6"" - Core I5-1334U - 8GB Ram - 512GB SSD - Intel® Iris® Xᵉ Graphics",$500.00,$600.00,"Specifications: Processor: Intel® Core™ i5-1334U (up to 4.6 GHz with Intel® Turbo Boost Technology, 12 MB L3 cache, 10 cores, 12 threads).   Memory: 8 GB DDR4-3200 MHz RAM (1 x 8 GB).  Storage: 512 GB PCIe® NVMe™ M.2 SSD.  Display: 39.6 cm (15.6"") diagonal, FHD...",-17%
"HP Laptop 15-Fd0152ne (B05B4EA) - 15.6"" - Core I3-1315U - 8GB Ram - 256GB SSD - Intel UHD Graphics",$400.00,$500.00,"Specifications: Processor: Intel® Core™ i3-1315U (up to 4.5 GHz with Intel® Turbo Boost Technology, 10 MB L3 cache, 6 cores, 8 threads).   Memory: 8 GB DDR4-3200 MHz RAM (1 x 8 GB).  Storage: 256 GB PCIe® NVMe™ M.2 SSD.  Display: 39.6 cm (15.6"") diagonal, FHD...",-20%
LG Gram 15.6” Touchscreen - Core Ultra 7 155H - 16GB Ram - 1TB SSD - Intel Arc Graphics,"$1,100.00","$1,200.00","Specifications:  Processor: Powered by the AI-enabled Intel® Core™ Ultra 7 155H processor to unlock the power of AI Memory: 16GB LPDDR5X RAM.  Storage: 1TB NVMe Gen4 SSD.  Display: 15.6” FHD 1920 x 1080, sRGB 100%(Typical, min 95%), IPS Touch.  Graphics: Intel® Arc™ Graphics.  ...",-8%
"Lenovo IdeaPad Slim 3 82XM00BAUS - 15.6"" Touchscreen - Ryzen 7 7730U - 16GB Ram - 512GB SSD - AMD Radeon Graphics",$650.00,$720.00,"Specifications: Processor: AMD Ryzen™ 7 7730U (8C / 16T, 2.0 / 4.5GHz, 4MB L2 / 16MB L3).  Memory: 16GB Soldered DDR4-3200.  Storage: 512GB SSD M.2 2242 PCIe® 4.0x4 NVMe®.  Display: 15.6"" FHD (1920x1080) IPS 300nits Anti-glare, Touch. Graphics: Integrated AMD Radeon™ Graphics.  Ports: 2x USB...",-10%
"Lenovo IdeaPad 1 82VG00MYUS - 15.6"" Touchscreen - Ryzen 5 7520U - 8GB Ram - 256GB SSD - AMD Radeon 610M Graphics",$500.00,$550.00,"Specifications: Processor: AMD Ryzen™ 5 7520U (4C / 8T, 2.8 / 4.3GHz, 2MB L2 / 4MB L3).  Memory: 8GB Soldered LPDDR5-5500.  Storage: 256GB SSD M.2 2242 PCIe® 4.0x4 NVMe.  Display: 15.6"" FHD (1920x1080) IPS 300nits Anti-glare, Touch.   Graphics: Integrated AMD Radeon™ 610M Graphics.  ...",-9%
"HP Envy 17-CW1023CL - 17.3"" Touchscreen - Core Ultra 7 155U - 32GB Ram - 1TB SSD - RTX 3050 4GB","$1,350.00","$1,480.00","Specifications: Processor: Intel® Core™ Ultra 7 155U (up to 4.8 GHz, 12 MB L3 cache, 12 cores, 14 threads).  Memory: 32 GB DDR5-5600 MHz RAM (2 x 16 GB).  Storage: 1 TB PCIe® NVMe™ M.2 SSD.  Display: 17.3"" diagonal, FHD (1920 x 1080), multitouch-enabled,...",-9%
"Lenovo V15 G4 IRU 83A1004SED - 15.6"" - Core I3-1315U - 8GB Ram - 256GB SSD - Intel UHD Graphics",$380.00,$420.00,"Specifications: Processor: Intel® Core™ i3-1315U, 6C (2P + 4E) / 8T, P-core 1.2 / 4.5GHz, E-core 0.9 / 3.3GHz, 10MB Memory: 8GB Soldered DDR4-3200.  Storage: 256GB SSD M.2 2242 PCIe® 4.0x4 NVMe® Display: 15.6"" FHD (1920x1080) TN 250nits Anti-glare, 45% NTSC.  Graphics: Integrated Intel®...",-10%
"MSI Modern 15 B12MO-1000US - 15.6"" - Core I7-1255U - 16GB Ram - 512GB SSD - Intel Iris Xe",$650.00,$750.00,"Specifications: Processor: Intel® Core™ i7-1255U, 10C (2P + 8E) / 12T, P-core 1.7 / 4.7GHz, E-core 1.2 / 3.5GHz, 12MB.  Memory: 16GB DDR4 3200MHz RAM.  Storage: 512GB SSD NVMe. Display: 15.6"" FHD 60Hz 45% NTSC IPS-Level (1920x1080) 16:9.  Graphics: Intel Iris Xe Graphics.  Ports 1x Type-C...",-13%
"MSI Modern 15 B12MO-1001US - 15.6"" - Core I5-1235U - 16GB Ram - 512GB SSD - Intel Iris Xe",$550.00,$650.00,"Specifications: Processor: 12th Gen Intel Core i5-1235U Processor (2.40 GHz, up to 4.20 GHz, 12M Cache).  Memory: 16GB DDR4 3200MHz RAM.  Storage: 512GB SSD NVMe. Display: 15.6"" FHD 60Hz 45% NTSC IPS-Level (1920x1080) 16:9.  Graphics: Intel Iris Xe Graphics.  Ports 1x Type-C (USB3.2 Gen2 / DP)...",-15%
"Lenovo ThinkPad X1 2-In-1 G9 21KE002AUS - 14"" Touchscreen - Core Ultra 5 135U - 16GB Ram - 512GB SSD - Intel Graphics",$950.00,"$1,200.00","Specifications: Processor: Intel® Core™ Ultra 5 135U Processor with vPro® (E-cores up to 3.60 GHz P-cores up to 4.40 GHz with Turbo Boost, 12 Cores, 14 Threads, 12 MB Cache).  Memory: 16 GB LPDDR5X-6400MHz (Soldered).  Storage: 512 GB SSD M.2 2280 PCIe Gen4 Performance TLC Opal. ...",-21%
"Dell Inspiron 14 Plus - Copilot+ PC - 14"" Touchscreen - Qualcomm Snapdragon® X Plus - 16GB Ram - 512GB SSD - Qualcomm® Adreno™ GPU",$899.00,"$1,135.00","Specifications: Processor: Snapdragon® X Plus, X1P-64-100, 10 cores up to 3.4GHz, NPU integrated. Memory: 16 GB, LPDDR5x, 8448 MT/s, onboard.  Storage: 512 GB, M.2, PCIe NVMe, SSD.  Display: 14.0"" QHD+, 16:10, 2560x1600, 400 nits, sRGB100%, WVA, IPS, AG, 60Hz, in cell Touch, No CG,...",-21%
"Dell Latitude 7455 Copilot+ PC - 14"" Touchscreen - Qualcomm Snapdragon X Plus - 16GB Ram - 512GB SSD - Integrated Qualcomm Adreno Graphics",$899.00,"$1,130.00","Specifications: Processor: Snapdragon® X Plus X1P-64-100 (10 cores up to 3.4GHz, NPU up to 45 TOPS).   Memory: 16 GB, LPDDR5x, 8448 MT/s, onboard.  Storage: 512 GB, M.2 2230, TLC PCIe Gen 4 NVMe, SSD.  Display: 14.0"" QHD+ (2560x1600), IPS, AG Touch, ComfortView+, SLP,...",-20%
"Dell Latitude 7350 Detachable - 13.3"" Touchscreen - Core Ultra 7 164U - 32GB Ram - 256GB SSD - Intel Graphics",$850.00,"$1,050.00","Specifications: Processor: Intel® Core™ Ultra 7 164U (12 MB cache, 12 cores, 14 threads, up to 4.8 GHz Turbo).   Memory: 32GB LPDDR5x 6400 MT/s dual-channel (onboard).  Storage: 256 GB, M.2 2230, TLC PCIe Gen 4 NVMe, SSD.  Display: 13"", 3K 2880x1920, IPS, Touch,...",-19%
"Asus Vivobook Pro 15 Q543B-U94060 - 15.6"" - Core Ultra 9 185H - 24GB Ram - 2TB SSD - RTX 4060 8GB","$1,599.00","$1,700.00","Specifications: Processor: Intel® Core™ Ultra 9 Processor 185H 2.3 GHz (24MB Cache, up to 5.1 GHz, 16 cores, 22 Threads); Intel® AI Boost NPU Memory: 8GB DDR5 on board + 16GB DDR5 SO-DIMM Storage: 2TB M.2 NVMe™ PCIe® 4.0 SSD Display: 15.6-inch, 3K (2880 x...",-6%
"HP Envy 16-H1055- 16"" Touchscreen - Core I7-13700H - 32GB Ram - 2TB SSD - RTX 4060 8GB","$1,275.00","$1,450.00","Specifications: Processor: Intel® Core™ i7-13700H (up to 5.0 GHz, 24 MB L3 cache, 14 cores, 20 threads).  Memory: 32GB DDR5 Ram Storage: 2TB SSD Display: 16"" (2560x1600) TOUCHSCREEN 120Hz Graphics: NVIDIA RTX 4060 8GB Ports: 1 USB Type-A 10Gbps signaling rate; 1 USB Type-A...",-12%
"HP Pro X360 435 G10 - A47K8U8#ABA - 13.3"" Touchscreen - Ryzen 7 7730U - 32GB Ram - 1TB SSD - AMD Radeon Graphics",$770.00,$930.00,"Specifications Processor: AMD Ryzen™ 7 7730U (8C / 16T, 2.0 / 4.5GHz, 4MB L2 / 16MB L3).  Memory: 32GB DDR4-3200 PC4 SO-DIMM memory (2 DIMMs, Dual Channel). Storage: 1TB PCIe-4x4 NVMe TLC SSD. Display: 13.3"" diagonal BrightView UWVA FHD (1920x1080) Touchscreen, 250 nits, HD Webcam. Graphics:...",-17%
"HP Pro X360 435 G10 - A33TXU8#ABA - 13.3"" Touchscreen - Ryzen 7 7730U - 32GB Ram - 512GB SSD - AMD Radeon Graphics",$720.00,$900.00,"Specifications Processor: AMD Ryzen™ 7 7730U (8C / 16T, 2.0 / 4.5GHz, 4MB L2 / 16MB L3).  Memory: 32 GB DDR4-3200 PC4 SO-DIMM memory (2 DIMMs, Dual Channel). Storage: 512 GB PCIe-4x4 NVMe TLC SSD. Display: 13.3"" diagonal BrightView UWVA FHD (1920x1080) Touchscreen, 250 nits, HD...",-20%
"Lenovo IdeaPad Slim 5 83FW0001US - 16"" Touchscreen - Core™ 7 150U - 16GB Ram - 1TB SSD - Intel® Graphics",$660.00,$800.00,"Specifications: Processor: Intel® Core™ 7 150U, 10C (2P + 8E) / 12T, P-core 1.8 / 5.4GHz, E-core 1.2 / 4.0GHz, 12MB.  Memory: 16GB Soldered LPDDR5x-5200.   Storage: 1TB SSD M.2 2242 PCIe® 4.0x4 NVMe.  Display: 16"" WUXGA (1920x1200) IPS 300nits Anti-glare, 45% NTSC, 60Hz,...",-18%
"Lenovo IdeaPad 5 2-In-1 83DR000GUS - 14"" Touchscreen - AMD Ryzen™ 7 8845HS - 16GB Ram - 1TB SSD - Integrated AMD Radeon™ 780M Graphics",$699.00,$730.00,"Specifications: Processor:  AMD Ryzen™ 7 8845HS (8C / 16T, 3.8 / 5.1GHz, 8MB L2 / 16MB L3).  Memory: 16GB Soldered LPDDR5x-6400.  Storage: 1TB SSD M.2 2242 PCIe® 4.0x4 NVMe®.  Display: 14"" WUXGA (1920x1200) IPS 300nits Glossy, 45% NTSC, 60Hz, TÜV Low Blue Light, Glass,...",-4%
"HP Pavilion X360 2-In-1 Laptop 14t-Ek200 - 14"" Touchscreen - Core 7 150U - 16GB Ram - 1TB SSD - Intel Graphics - Includes Digital Pen",$920.00,"$1,000.00","Specifications: Processor: Intel® Core™ 7 150U (up to 5.4 GHz, 12 MB L3 cache, 10 cores, 12 threads) .  Memory: 16 GB(Onboard).  Storage: 1 TB PCIe® NVMe™ M.2 SSD.  Display: 14"" diagonal, FHD (1920 x 1080), multitouch-enabled, IPS, edge-to-edge glass, micro-edge, 300 nits, low...",-8%
"Hp Envy X360 14-ES1013DX - 14"" Touchscreen - Core 5-120U - 8GB Ram - 512GB SSD - Intel Graphics",$650.00,$900.00,"Specifications Processor: Intel® Core™ 5 processor 120U (12M Cache, up to 5.00 GHz).  Memory: 8GB DDR4 3200MHz RAM. Storage: 512GB SSD.  Display: 14"" (1920 x 1080) FHD, IPS-Level Panel, Touchscreen Display. Graphics: Intel Graphics. Ports: 1x USB 3.1 Gen 2 Type-C support Power Delivery / DisplayPort / Power-off Charging / 10Gbps,...",-28%
"HP EliteBook 640 G10 Notebook PC (8A602EA) - 14"" - Core I7-1355U - 16GB Ram - 1TB SSD - Intel Iris Xe",$900.00,"$1,000.00","Specifications: Processor: Intel® Core™ i7-1355U (up to 5.0 GHz with Intel® Turbo Boost Technology, 12 MB L3 cache, 10 cores, 12 threads).   Memory: 16 GB DDR4-3200 MT/s (2 x 8 GB). Storage: 1 TB PCIe® NVMe™ TLC SSD.  Display: 14"" diagonal, FHD (1920 x...",-10%
"HP Pavilion 16-Af0945nr - 16"" - Core Ultra 7 155U - 16GB Ram - 512GB SSD - Intel Graphics",$850.00,"$1,000.00","Specifications: Processor: Intel® Core™ Ultra 7 155U (up to 4.8 GHz, 12 MB L3 cache, 12 cores, 14 threads). Memory: 16GB DDR5 RAM.  Storage: 512 GB PCIe® NVMe™ M.2 SSD Display: 16"" diagonal, WUXGA (1920 x 1200), IPS, micro-edge, anti-glare, 300 nits Graphics: Intel Graphics.  Ports: ...",-15%
"HP Envy X360 14-FA0013DX - 14"" Touchscreen - Ryzen 5 8640HS - 16GB Ram - 512GB SSD - AMD Radeon Graphics",$650.00,$750.00,"Specifications: Processor: AMD Ryzen™ 5 8640HS (6C / 12T, 3.5 / 4.9GHz, 6MB L2 / 16MB L3).  Memory: 16 GB LPDDR5-6400 MHz RAM (onboard).   Storage: 512 GB PCIe® Gen4 NVMe™ M.2 SSD.  Display: 14-inch diagonal, WUXGA (1920 x 1200), multitouch-enabled, IPS, edge-to-edge glass, micro-edge,...",-13%
"Lenovo ThinkBook 16 G7 IML 21MS0028GQ - 16"" - Core Ultra 5 125U - 8GB Ram - 512GB SSD - Intel Graphics",$675.00,$800.00,"Specifications: Processor: Intel® Core™ Ultra 5 125U, 12C (2P + 8E + 2LPE) / 14T, Max Turbo up to 4.3GHz, 12MB.  Memory: 1x 8GB SO-DIMM DDR5-5600 Storage: 512GB SSD M.2 2242 PCIe® 4.0x4 NVMe® Display: 16"" WUXGA (1920x1200) IPS 300nits Anti-glare, 45% NTSC, 60Hz. Graphics:...",-16%
"Lenovo ThinkBook 13x G4 - 13.5"" Touchscreen - Core Ultra 9 185H - 32GB Ram - 1TB SSD - Intel Arc Graphics","$1,499.00","$1,850.00","Specifications: Processor: Intel® Core™ Ultra 9 185H, 16C (6P + 8E + 2LPE) / 22T, Max Turbo up to 5.1GHz, 24MB Memory: 32GB Soldered LPDDR5x-8400.  Storage: 1TB SSD M.2 2242 PCIe® 4.0x4 NVMe.  Display: 13.5"" 2.8K (2880x1920) IPS 500nits Anti-glare, 100% sRGB, 120Hz, DisplayHDR™...",-19%
"Lenovo ThinkBook 16 G6 21KH006SUS - 16"" Touchscreen - Core I7-1355U - 16GB Ram - 512GB SSD - Intel Iris Xe",$690.00,$800.00,"Specifications: Processor: Intel® Core™ i7-1355U, 10C (2P + 8E) / 12T, P-core 1.7 / 5.0GHz, E-core 1.2 / 3.7GHz, 12MB.  Memory: 2x 8GB SO-DIMM DDR5-5200.  Storage: 512GB SSD M.2 2242 PCIe® 4.0x4 NVMe.  Display: 16"" WUXGA (1920x1200) IPS 300nits Anti-glare, 45% NTSC, Touch.  Graphics:...",-14%
"Lenovo IdeaPad 5 2-IN-1 - 83GH0009US - 14"" Touchscreen - Snapdragon® X Plus - 16GB Ram - 1TB SSD - Qualcomm Adreno GPU",$850.00,"$1,100.00","Specifications: Processor: Snapdragon® X Plus X1P-42-100, 8C, Max Turbo up to 3.4GHz (single-core) / 3.2GHz (8-core), 30MB.  Memory: 16GB Soldered LPDDR5x-8448.  Storage: 1TB SSD M.2 2242 PCIe® 4.0x4 NVMe®.  Display: 14"" WUXGA (1920x1200) OLED 400nits Glossy, 100% DCI-P3, TÜV Low Blue Light, Glass, Touch. ...",-23%
"Lenovo ThinkBook 14 G7 IML 21MR005SUS - 14"" Touchscreen - Core Ultra 7 155U - 16GB Ram - 512GB SSD - Intel Graphics",$800.00,$900.00,"Specifications: Processor: Intel® Core™ Ultra 7 155U, 12C (2P + 8E + 2LPE) / 14T, Max Turbo up to 4.8GHz, 12MB. Memory: 1x 16GB SO-DIMM DDR5-5600.   Storage: 512GB SSD M.2 2242 PCIe® 4.0x4 NVMe.     Display: 14"" WUXGA (1920x1200) IPS 300nits Anti-glare, 45%...",-11%
"MSI Summit 13 AI+ Evo A2VMTG - 13.3"" Touchscreen - Copilot+ PC - Core Ultra 7 258V - 32GB Ram - 1TB SSD - Intel Arc Graphics - Includes MSI Topload Bag","$1,640.00","$1,700.00","Specifications: Processor: Intel® Core™ Ultra 7 - 258V 2.2- 4.8 GHz.  Memory: 32GB LPDDR5x-8533MHz.  Storage: 1TB NVMe SSD.  Display: 13.3” 16:10 FHD+, Touchscreen, IPS-Level panel, Support MSI Pen2.  Graphics: Intel Arc Graphics Ports: 1x Type-A USB3.2 Gen1 1x HDMI™ 2.1 (8K @ 60Hz / 4K @...",-4%
"MSI Modern 15 H AI C1MG - 15.6"" - Core Ultra 7 155H - 16GB Ram - 1TB SSD - Intel Arc Graphics - Includes MSI Topload Bag",$895.00,$950.00,"Specifications: Processor: Intel® Core™ Ultra 7 Processor 155H (24M Cache, up to 4.80 GHz)with Intel® AI Boost (NPU).  Memory: 8 GBx2 DDR5 Onboard Dual Channel RAM Storage: 1TB NVMe PCIe Gen4x4 SSD.  Display: 15.6"" FHD (1920x1080), IPS-Level, 60Hz.  Graphics: Intel Arc Graphics.  Ports 3x Type-A USB3.2 Gen1 1x Micro...",-6%
"MSI Modern 15 H AI C1MG - 15.6"" - Core Ultra 5 125H - 16GB Ram - 512GB SSD - Intel Arc Graphics - Includes MSI Topload Bag",$775.00,$850.00,"Specifications: Processor: 1st Generation Intel Core Ultra 5 125H Up To 4.5GHz. with Intel® AI Boost (NPU) Memory: 8 GBx2 DDR5 Onboard Dual Channel RAM Storage: 512GB NVMe PCIe Gen4x4 SSD.  Display: 15.6"" FHD (1920x1080), IPS-Level, 60Hz.  Graphics: Intel Arc Graphics.  Ports 3x Type-A USB3.2...",-9%
"MSI Modern 14 H D13MG - 14"" - Core I7-13620H - 16GB Ram - 1TB SSD - Intel Iris Xe - Includes MSI Topload Bag",$825.00,$880.00,"Specifications: Processor: 13th Gen Intel® Core™ i7-13620H processor. 10 cores (6 P-cores + 4 E-cores), Max Turbo Frequency 4.9 GHz Memory: 8GB*2, DDR4-3200, SO-DIMM.   Storage: 1TB*1 NVMe SSD PCIe Gen4. Display: 14"" 16:10 FHD+(1920x1200), IPS-Level.  Graphics: Intel Iris Xe Graphics.  Ports 1x Type-C (USB /...",-6%
"MSI Modern 15 H B13M - 15.6"" - Core I3-1315U - 16GB Ram - 512GB SSD - Intel Iris Xe - Includes MSI Topload Bag",$510.00,$600.00,"Specifications: Processor: Intel® Core™ i3-1315U Processor (10M Cache, up to 4.50 GHz, with IPU).  Memory: 16GB Ram  Storage: 512GB NVMe PCIe Gen3x4 SSD.  Display: 15.6"" FHD(1920*1080) 60Hz, 45%NTSC IPS-Level.  Graphics: Intel Iris Xe Graphics.  Ports 1x Type-C (USB3.2 Gen2 / DP) with PD charging 1x Type-A USB3.2 Gen2...",-15%
"Lenovo IdeaPad Flex 5 82R8X026US - 16"" Touchscreen - Core I7-1255U - 8GB Ram - 512GB SSD - Intel Iris Xe",$615.00,$850.00,"Specifications: Processor: 12th Generation Intel® Core™ i7-1255U Processor (E-Core Max 3.50 GHz, P-Core Max 4.70 GHz with Turbo Boost, 10 Cores, 12 Threads, 12 MB Cache).  Memory: 8GB LPDDR4x.   Storage: 512GB M.2 PCIe SSD.  Display:  16"" WUXGA (1920 x 1200) IPS, glossy, touchscreen, 16:10, 300...",-28%
"Lenovo ThinkPad P14S G5 21G20029US - 14.5"" - Core Ultra 7 155H - 16GB Ram - 512GB SSD - RTX 500 Ada 4GB","$1,650.00","$2,000.00","Specifications: Processor: Intel® Core™ Ultra 7 155H Processor (E-Core Max 3.80 GHz, P-Core Max 4.80 GHz with Turbo Boost, 16 Cores, 22 Threads, 24 MB Cache) Memory: 16 GB DDR5-5600MHz (SODIMM).  Storage: 512 GB SSD M.2 2280 PCIe Gen4 Performance TLC Opal.  Display: 14.5"" WUXGA...",-18%
"ASUS Zenbook S 16 (UM5606) Copilot+ PC - 16"" Touchscreen - Ryzen AI 9 365 - 24GB Ram - 1TB SSD - AMD Radeon 880M","$1,550.00","$1,800.00","Specifications: Processor: AMD Ryzen™ AI 9 365 Processor 2.0GHz (34MB Cache, up to 5.0GHz, 10 cores, 20 Threads); AMD XDNA™ NPU up to 50TOPS.  Memory: 24GB LPDDR5X Ram.  Storage: 1TB M.2 NVMe™ PCIe® 4.0 SSD.  Display: 16"" 3K (2880 x 1800) OLED 16:10 aspect...",-14%
"Lenovo Slim 7 PRO X 82V2X008US - 14.5"" Touchscreen - Ryzen 9 6900HS - 32GB Ram - 1TB SSD - RTX 3050 4GB","$1,030.00","$1,200.00","Specifications: Processor: AMD Ryzen 9 6900HS.  Memory: 32GB RAM.  Storage: 1TB SSD.  Display: 14.5"" (3072x1920) 120Hz touchscreen. Graphics: Nvidia RTX 3050 4GB.  Ports: 2 x USB 3.2** Gen 1.  USB-C (Thunderbolt + DP + Power Delivery 3.0).  USB-C (Power Delivery 3.0), for DC-in.  SD card...",-14%
"Lenovo ThinkPad X1 Carbon Gen 11 21HM000SUS - 14"" Touchscreen - Core I7-1365U - 32GB Ram - 512GB SSD - Intel Iris Xe","$1,200.00","$1,700.00","Specifications:  Processor: Intel® Core™ i7-1365U, 10C (2P + 8E) / 12T, P-core 1.8 / 5.2GHz, E-core 1.3 / 3.9GHz, 12MB.  Memory: 32GB Soldered LPDDR5-6000.  Storage: 512GB SSD  Display: 14"" WUXGA (1920x1200) IPS 400nits Anti-glare, 100% sRGB, Low Power, Touch.  Graphics: Integrated Intel® Iris® Xe...",-29%
"HP ProBook 460 G11 - A22ZZEA - 16"" - Core Ultra 5 125U - 8GB Ram - 512GB SSD - Intel Integrated Graphics",$800.00,$900.00,"Specifications: Processor: Intel® Core™ Ultra 5 125U (up to 4.3 GHz with Intel® Turbo Boost Technology, 12 MB L3 cache, 12 cores, 14 threads). Memory: 8 GB DDR5-5600 MHz RAM (1 x 8 GB).   Storage: 512 GB PCIe NVMe SSD.  Display: 16"" diagonal, WUXGA...",-11%
"HP ProBook 450 G10 85C38EA - 15.6"" Touchscreen - Core I7-1355U - 16GB Ram - 512GB SSD - RTX 2050 4GB",$930.00,"$1,050.00","Specifications: Processor: Intel® Core™ i7-1355U (up to 5.0 GHz with Intel® Turbo Boost Technology, 12 MB L3 cache, 10 cores, 12 threads). Memory: 16 GB DDR4 3200 DIMM.  Storage: 512 GB PCIe® NVMe™ SSD.  Display:   15.6"" diagonal, FHD (1920 x 1080), touch, IPS, narrow...",-11%
"HP 250 G10 85C50EA - 15.6"" - Core I5-1334U - 8GB Ram - 512GB SSD - Intel UHD Graphics",$555.00,$610.00,"Specifications: Processor: Intel® Core™ i5-1334U (up to 4.6 GHz with Intel® Turbo Boost Technology, 12 MB L3 cache, 10 cores, 12 threads).  Memory: 8 GB DDR4-3200 MT/s (1 x 8 GB).  Storage: 512 GB PCIe® NVMe™ SSD.  Display: 15.6"" diagonal, FHD (1920 x 1080), IPS,...",-9%
"Dell Inspiron 16 7640 - 2 In 1 Laptop - 16"" Touchscreen - Core Ultra 7 155H - 16GB Ram - 1TB SSD - Intel Arc Graphics","$1,000.00","$1,100.00","Specifications: Processor: Intel® Core™ Ultra 7 155H (24 MB cache, 16 cores, 22 threads, up to 4.80 GHz Turbo).  Memory: 16GB, 2x8GB, LPDDR5X, 6400MT/s onboard.  Storage: 1 TB, M.2, PCIe NVMe, SSD.   Display: 16"", FHD+ 1920x1200, 60Hz, WVA, IPS, Touch, 300 nit, ComfortView...",-9%
"Microsoft Surface Laptop 6 ZLT-00001 - 15"" Touchscreen - Core Ultra 7 165U - 32GB Ram - 512GB SSD - Intel Arc Graphics","$2,200.00","$2,300.00","Specifications: Processor: Intel Core™ Ultra 7 processor 165H.   NPU: Intel AI Boost.  Memory: 32GB LPDDR5x RAM.  Storage: 512GB Removable solid-state drive (Gen 4 SSD).  Display: Touchscreen: 15 inch PixelSense™ Display, Resolution: 2496 x 1664 (201 PPI), Aspect ratio: 3:2, Contrast ratio 1300:1, Color profile: sRGB, and Enhanced, Individually color-calibrated display, Adaptive...",-4%
"Lenovo ThinkPad T14 Gen 5 21ML005AUS - 14"" - Core Ultra 7 155U - 32GB Ram - 1TB SSD - Intel UHD Graphics","$1,475.00","$1,800.00","Specifications: Processor: Intel® Core™ Ultra 7 155U Processor (E-Core Max 3.80 GHz, P-Core Max 4.80 GHz with Turbo Boost, 12 Cores, 14 Threads, 12 MB Cache).  Memory: 32 GB DDR5-5600MHz (SODIMM) - (2 x 16 GB).   Storage: 1 TB SSD M.2 2280 PCIe Gen4...",-18%
"Lenovo IdeaPad Flex 5 82R700L4US - 14"" Touchscreen - Core I3-1215U - 8GB Ram - 256GB SSD - Intel UHD Graphics",$449.00,$570.00,"Specifications: Processor: Intel® Core™ i3-1215U, 6C (2P + 4E) / 8T, P-core 1.2 / 4.4GHz, E-core 0.9 / 3.3GHz, 10MB.  Memory: 8GB Soldered LPDDR4x-4266.  Storage: 256GB SSD M.2 2242 PCIe® 4.0x4 NVMe®.  Display:  14"" WUXGA (1920x1200) IPS 300nits Glossy, 45% NTSC, 60Hz, TÜV Low...",-21%
"HP Laptop 15-Fd0371nia - 15.6"" -  Core I7-1355U - 8GB Ram - 512GB SSD - MX570 2GB",$699.00,$800.00,"Specifications: Processor: Intel® Core™ i7-1355U (up to 5.0 GHz with Intel® Turbo Boost Technology, 12 MB L3 cache, 10 cores, 12 threads).  Memory: 8 GB DDR4-3200 MHz RAM (1 x 8 GB).  Storage: 512 GB PCIe® NVMe™ M.2 SSD.  Display: 39.6 cm (15.6"") diagonal, FHD...",-13%
"HP ProBook 460 G11 - A23C9EA#BH5 - 16"" - Core Ultra 7 155U - 16GB Ram - 512GB SSD - Intel Integrated Graphics",$850.00,"$1,000.00","Specifications: Processor: Intel® Core™ Ultra 7 Processor 155U. 12M Cache, up to 4.80 GHz. Memory: 16 GB DDR5-5600 MT/s (1 x 16 GB).   Storage: 512 GB PCIe NVMe SSD.  Display: 16"" diagonal, WUXGA (1920 x 1200), IPS, anti-glare, 300 nits, 45% NTSC.  Graphics: Intel® Integrated Graphics.  Ports:...",-15%
"Lenovo Ideapad 3 82KU00EAED - 15.6"" - Ryzen 7 5700U - 8GB Ram - 512GB SSD - AMD Radeon Graphics",$500.00,$550.00,"Specifications: Processor: AMD Ryzen™ 7 5700U (8C / 16T, 1.8 / 4.3GHz, 4MB L2 / 8MB L3).  Memory: 4GB Soldered DDR4-3200 + 4GB SO-DIMM DDR4-3200.  Storage: 512GB SSD M.2 2280 PCIe® 3.0x4 NVMe®.   Display: 15.6"" FHD (1920x1080) TN 250nits Anti-glare.  Graphics: Integrated AMD...",-9%
"Lenovo Yoga 7 2-In-1 14AHP9 - 14"" Touchscreen - Ryzen 5 8640HS - 16GB Ram - 512GB SSD - AMD Radeon 760M",$699.00,$850.00,"Specifications: Processor:  AMD Ryzen™ 5 8640HS (6C / 12T, 3.5 / 4.9GHz, 6MB L2 / 16MB L3) Memory: 16GB Soldered LPDDR5x-6400.  Storage: 512GB SSD M.2 2242 PCIe® 4.0x4 NVMe® Display: 14"" WUXGA (1920x1200) IPS 300nits Glossy / Anti-fingerprint, 45% NTSC, 60Hz, Dolby Vision®, TÜV...",-18%
"Lenovo Thinkpad P1 G7 21KV0010US - 16"" - Core Ultra 7 155H - 16GB Ram - 512GB SSD - NVIDIA RTX 1000 Ada 6GB","$2,000.00","$2,200.00","Specifications: Processor: Intel® Core™ Ultra 7 155H Processor (E-cores up to 3.80 GHz P-cores up to 4.80 GHz).  Memory: 16 GB LPDDR5x-7467MT/s (CAMM2).  Storage: 512 GB SSD M.2 2280 PCIe Gen4 Performance TLC Opal.  Display: 16"" WUXGA (1920 x 1200), IPS, Anti-Glare, Non-Touch, 100%sRGB,...",-9%
"Lenovo ThinkPad T14 Gen 5 - 14"" - Core Ultra 7 155U - 16GB Ram - 512GB SSD - Intel UHD Graphics","$1,350.00","$1,700.00","Specifications: Processor: Intel® Core™ Ultra 7 155U Processor (E-Core Max 3.80 GHz, P-Core Max 4.80 GHz with Turbo Boost, 12 Cores, 14 Threads, 12 MB Cache).  Memory: 16GB Ram  Storage: 512GB SSD.  Display: 14"" WUXGA (1920 x 1200) IPS. Graphics: Intel UHD Graphics.  Ports: 2...",-21%
"Microsoft Surface Laptop (7th Edition) Copilot+ PC - 15"" TouchScreen - Snapdragon X Elite - 16GB Ram - 256GB SSD - Qualcomm Adreno GPU - Platinum","$1,450.00","$1,650.00",Specifications: Processor: Snapdragon® X Elite (12 Core).   NPU: Qualcomm® Hexagon™ with 45 trillion operations per second.  Memory: 16GB LPDDR5x RAM.  Storage: 256GB Removable solid-state drive (Gen 4 SSD).  Display: Touchscreen: 15” PixelSense Flow™ Display; Resolution: 2496 x 1664 (201 PPI); Aspect ratio: 3:2; Contrast ratio 1300:1; Dynamic refresh rate...,-12%
"Lenovo ThinkPad E14 G5 21JK009AGP - 14"" - Core I7-1355U - 8GB Ram - 512GB SSD - MX550 2GB - Includes Lenovo Laptop Casual Toploader",$950.00,"$1,100.00","Specifications: Processor: Intel® Core™ i7-1355U, 10C (2P + 8E) / 12T, P-core 1.7 / 5.0GHz, E-core 1.2 / 3.7GHz, 12MB.  Memory: 8GB DDR4-3200. Storage: 512GB M.2 PCIe NVMe Opal2. Display: 14"" WUXGA (1920x1200) IPS 300nits Anti-glare, 45% NTSC.  Graphics: NVIDIA MX550 2GB GDDR6. Ports: 1x...",-14%
"Microsoft Surface Laptop (7th Edition) Copilot+ PC - 15"" TouchScreen - Snapdragon X Elite - 16GB Ram - 256GB SSD - Qualcomm Adreno GPU","$1,450.00","$2,200.00",Specifications: Processor: Snapdragon® X Elite (12 Core).   NPU: Qualcomm® Hexagon™ with 45 trillion operations per second.  Memory: 16GB LPDDR5x RAM.  Storage: 256GB Removable solid-state drive (Gen 4 SSD).  Display: Touchscreen: 15” PixelSense Flow™ Display; Resolution: 2496 x 1664 (201 PPI); Aspect ratio: 3:2; Contrast ratio 1300:1; Dynamic refresh rate...,-34%
"Lenovo IdeaPad 5 2-In-1 83DR0002US - 14.0"" Touchscreen - AMD Ryzen™ 7 8845HS - 16GB Ram - 1TB SSD - Integrated AMD Radeon™ 780M Graphics",$850.00,"$1,000.00","Specifications: Processor:  AMD Ryzen™ 7 8845HS (8C / 16T, 3.8 / 5.1GHz, 8MB L2 / 16MB L3).  Memory: 16GB Soldered LPDDR5x-6400.  Storage: 1TB SSD M.2 2242 PCIe® 4.0x4 NVMe®.  Display: 14"" WUXGA (1920x1200) IPS 300nits Glossy, 45% NTSC, 60Hz, TÜV Low Blue Light, Glass,...",-15%
"HP ProBook 460 G11 - A1LE0UT#ABA - 16"" - Core Ultra 7 155U - 32GB Ram - 512GB SSD - Intel Integrated Graphics",$910.00,"$1,300.00","Specifications: Processor: Intel® Core™ Ultra 7 Processor 155U. 12M Cache, up to 4.80 GHz. Memory: 32 GB DDR5-5600 PC4 SO-DIMM memory.   Storage: 512 GB PCIe NVMe SSD.  Display: 16.0"" diagonal Anti-Glare WUXGA (1920x1200) UWVA IPS WLED display.  Graphics: Intel® Integrated Graphics.  Ports: 2 USB Type-C® 20Gbps...",-30%
"HP Envy 14-FC0023DX - X360 14"" Touchscreen - Core Ultra 7 155U - 16GB Ram - 1TB SSD - Intel Graphics",$975.00,"$1,150.00","Specifications: Processor: Intel® Core™ Ultra 7 155U (up to 4.8 GHz, 12 MB L3 cache, 12 cores, 14 threads)  Memory: 16GB DDR5 On-Board.  Storage: 1 TB PCIe® NVMe™ M.2 SSD (4x4 SSD).  Display: 14"" diagonal, WUXGA (1920 x 1200), multitouch-enabled, IPS  Graphics: Intel Graphics.  Ports:...",-15%
"Dell Inspiron 7440 2in1 Laptop 14"" Touchscreen - Core 7 150U - 16GB Ram - 1TB SSD - Intel Graphics",$930.00,"$1,100.00","Specifications: Processor: Intel® Core™ 7 processor 150U (12MB cache, 10 cores, 12 threads, up to 5.4 GHz).  Memory: 16 GB: 2 x 8 GB, DDR5, 5200 MT/s.  Storage:  1TB SSD.  Display: 14"", FHD+ 1920x1200, 60Hz, WVA, IPS, Touch, 250 nit, ComfortView Graphics: Intel Graphics. ...",-15%
"Microsoft Surface Laptop 6 ZKG-00001 - 13.5"" Touchscreen - Core Ultra 7 165U - 64GB Ram - 1TB SSD - Intel Arc Graphics","$3,000.00","$3,300.00","Specifications: Processor: Intel Core™ Ultra 7 processor 165H.   NPU: Intel AI Boost.  Memory: 64GB LPDDR5x RAM.  Storage: 1TB Removable solid-state drive (Gen 4 SSD).  Display: Touchscreen: 13.5 inch PixelSense™ Display, Resolution: 2256 x 1504 (201 PPI), Aspect ratio: 3:2, Contrast ratio 1300:1, Color profile: sRGB, and Enhanced, Individually...",-9%
"Microsoft Surface Laptop (7th Edition) ZXX-00001 Copilot+ PC - 13.8"" TouchScreen - Snapdragon X Elite - 16GB Ram - 1TB SSD - Qualcomm Adreno GPU - Platinum","$1,650.00","$2,200.00",Specifications: Processor: Snapdragon® X Elite (12 Core).   NPU: Qualcomm® Hexagon™ with 45 trillion operations per second.  Memory: 16GB LPDDR5x RAM.  Storage: 1TB Removable solid-state drive (Gen 4 SSD).  Display: Touchscreen: 13.8” PixelSense Flow™ Display; Resolution: 2304 x 1536 (201 PPI); Aspect ratio: 3:2; Contrast ratio 1400:1; Dynamic refresh rate...,-25%
Microsoft Surface Pro (11th Edition) Copilot+ PC - 13” Touchscreen - Snapdragon X Plus - 16GB Ram - 512GB SSD - Qualcomm Adreno GPU,"$1,350.00","$1,500.00","Specifications: Processor: Snapdragon® X Plus (10-Core).   NPU: Qualcomm® Hexagon™ with 45 trillion operations per second.  Memory: 16GB LPDDR5x RAM.  Storage: 512GB Removable solid-state drive (Gen 4 SSD).  Display: Touchscreen: 13” PixelSense™ Flow display, Resolution: 2880 x 1920 (267 PPI), Aspect ratio: 3:2, Contrast ratio: 1M:1, Dynamic refresh rate up to...",-10%
"Lenovo IdeaPad 5 2in1 83DS0000US - 16"" Touchscreen - Ryzen 7 8845HS - 16GB Ram - 1TB SSD - AMD Radeon 780M Graphics",$670.00,$980.00,"Specifications: Processor: AMD Ryzen™ 7 8845HS (8C / 16T, 3.8 / 5.1GHz, 8MB L2 / 16MB L3).  Memory: 16GB Soldered LPDDR5x-6400.  Storage: 1TB SSD M.2 2242 PCIe® 4.0x4 NVMe.  Display: 16"" WUXGA (1920x1200) IPS 300nits Glossy, 45% NTSC, 60Hz, TÜV Low Blue Light, Glass,...",-32%
"Dell XPS 13 Copilot+ PC - 13.4"" Touchscreen - Snapdragon X Elite - 16GB Ram - 512GB SSD - Qualcomm Adreno Graphics","$1,350.00","$2,100.00","Specifications: Processor: Qualcomm® Snapdragon® X Elite X1E-80-100 Memory: 16 GB LPDDR5X Ram Storage: 512 SSD.  Display: 13.4"", OLED, 3K 2880 x 1800, 60Hz, Touch, Anti-Reflect, 400 nit, EyeSafe, InfinityEdge Graphics: Qualcomm® Adreno™ GPU Ports 2 x Thunderbolt™ 4 (USB Type-C™) with Power Delivery and...",-36%
"HP EliteBook 630 G10 Notebook PC (816M8EA) - 13.3"" - Core I7-1355U - 8GB Ram - 512GB SSD - Intel Iris Xe",$900.00,"$1,030.00","  Specifications: Processor: Intel® Core™ i7-1355U (up to 5.0 GHz with Intel® Turbo Boost Technology, 12 MB L3 cache, 10 cores, 12 threads).  Memory: 8 GB DDR4-3200 MHz RAM (1 x 8 GB). Storage: 512 GB PCIe® NVMe™ SSD.  Display: 13.3"" diagonal, FHD (1920 x...",-13%
"Lenovo IdeaPad 5 2in1 83DR000FCF - 14"" Touchscreen - Ryzen 5 8645HS - 16GB Ram - 512GB SSD - AMD Radeon 760M Graphics - Stylus Pen Included",$680.00,$750.00,"Specifications: Processor: AMD Ryzen™ 5 8645HS (6C / 12T, 4.3 / 5.0GHz, 6MB L2 / 16MB L3).  Memory: 16GB Soldered LPDDR5x-6400.  Storage: 512GB SSD M.2 2242 PCIe® 4.0x4 NVMe®.  Display: 14"" WUXGA (1920x1200) IPS 300nits Glossy, 45% NTSC, 60Hz, TÜV Low Blue Light, Glass,...",-9%
"HP Spectre X360 14T-EU000 - 14"" Touchscreen - Core Ultra 7 155H - 32GB Ram - 512GB SSD - Intel Arc Graphics","$1,100.00","$1,250.00","Specifications: Processor: Intel® Core™ Ultra 7 155H (up to 4.8 GHz, 24 MB L3 cache, 16 cores, 22 threads).  Memory: 32 GB(Onboard).  Storage: 512 GB PCIe® NVMe™ TLC M.2 SSD (4x4 SSD).  Display: 14"" diagonal, 2.8K (2880 x 1800), OLED, multitouch-enabled, UWVA, edge-to-edge glass,...",-12%
"Lenovo ThinkBook 16 G7 IML 21MS000NGQ - 16"" - Core Ultra 7 155H - 8GB Ram - 512GB SSD - Intel Arc Graphics",$815.00,$900.00,"Specifications: Processor: Intel® Core™ Ultra 7 155H, 16C (6P + 8E + 2LPE) / 22T, Max Turbo up to 4.8GHz, 24MB Memory: 1x 8GB SO-DIMM DDR5-5600  Storage: 512GB SSD M.2 2242 PCIe® 4.0x4 NVMe® Display: 16"" WUXGA (1920x1200) IPS 300nits Anti-glare, 45% NTSC, 60Hz...",-9%
"Dell XPS 16 9640 - 16.3"" - Core Ultra 7 155U - 16GB Ram - 1TB SSD - RTX 4050 6GB","$1,765.00","$2,100.00","Specifications: Processor: Intel® Core™ Ultra 7 Processor 155U (12M Cache, up to 4.80 GHz).  Memory: 16GB Ram DDR5.  Storage: 1 TB, M.2, PCIe NVMe, SSD.  Display: 16.3"" FHD+ (1920 x 1200) Infinity Edge, Non-Touch, Anti-Glare, 500-nits 120Hz.  Graphics: NVIDIA® GeForce RTX™ 4050, 6 GB GDDR6, 50 W Ports 1 headphone/microphone...",-16%
"Asus Vivobook Pro 15 OLED N6506MV-MA022 - 15.6"" - Core Ultra 7 155H - 16GB Ram - 1TB SSD - RTX 4060 8GB - 3Years Warranty","$1,350.00","$1,450.00","Specifications: Processor: Intel® Core™ Ultra 7 155H Processor 1.4 GHz (24MB Cache, up to 4.8 GHz, 16 cores, 22 threads); Intel® AI Boost NPU Memory: 16GB (8GB + 8GB on board).  Storage: 1TB M.2 NVMe™ PCIe® 4.0 SSD.  Display: 15.6-inch, 2.8K (2880 x 1620)...",-7%
"Asus Vivobook Pro 15 OLED N6506MU-MA029 - 15.6"" - Core Ultra 7 155H - 16GB Ram - 1TB SSD - RTX 4050 6GB - 3Years Warranty","$1,230.00","$1,310.00","Specifications: Processor: Intel® Core™ Ultra 7 155H Processor 1.4 GHz (24MB Cache, up to 4.8 GHz, 16 cores, 22 threads); Intel® AI Boost NPU Memory: 16GB (8GB + 8GB on board).  Storage: 1TB M.2 NVMe™ PCIe® 4.0 SSD.  Display: 15.6-inch, 2.8K (2880 x 1620)...",-6%
"Asus VivoBook 14 X1404ZA-I38128 - 14"" - Core I3-1215U - 8GB Ram - 128GB SSD - Intel Iris Xe",$350.00,$450.00,"Specifications: Processor: 12th Gen, Intel Core i3-1215U Processor 1.2 GHz (10M Cache, up to 4.4 GHz Turbo Boost, 6 cores) Memory: 8GB DDR4 on board RAM Storage: 128GB SSD Display: 35.56 cms (14) FHD (1920 x 1080) Anti-glare display having 16:09 Aspect Ratio ||...",-22%
"MSI Creator Z16P - 16"" Touchscreen - Core I7-12700H - 32GB Ram - 1TB SSD - RTX 3080Ti 16GB - Includes MSI Pen","$1,500.00","$1,700.00","Specifications: Processor: Intel® Core™ i7-12700H Processor (24M Cache, up to 4.70 GHz)  Memory: 32GB Ram.  Storage: 1TB SSD.  Display: 16” QHD+ (2560x1600), IPS-Level, Touchscreen Display 165Hz.  Graphics: NVIDIA® GeForce RTX™ 3080 Laptop GPU 8GB GDDR6Up to 1295MHz Boost Clock 90W Maximum Graphics Power with Dynamic Boost. Ports: 1x Thunderbolt™...",New
"Lenovo IdeaPad Slim 7 Copilot+ PC 83ED0001US - 14.5"" Touchscreen - Snapdragon X Elite - 16GB Ram - 512GB SSD - Qualcomm Adreno GPU","$1,299.00","$1,550.00","Specifications: Processor: Snapdragon® X Elite X1E-78-100, 12C, Max Turbo up to 3.4GHz, 42MB  Memory: 16GB Soldered LPDDR5x-8448  Storage: 512GB SSD M.2 2242 PCIe® 4.0x4 NVMe®.  Display: 14.5"" 3K (2944x1840) OLED 1000nits (Peak) / 500nits (Typical), Glossy / Anti-fingerprint, 100% DCI-P3, 100% sRGB, 90Hz, Eyesafe®,...",-16%
"Microsoft Surface Laptop Studio 2-IN-1 Z1I-00001 - 14.4"" Touchscreen - Core I7-13700H - 32GB Ram - 1TB SSD - RTX 4050 6GB","$2,499.00","$3,250.00","Specifications: Processor: Intel® Core™ i7-13700H Processor (24M Cache, up to 5.00 GHz) Memory: 32GB LPDDR5X  Storage:  1TB SSD.  Display: Touchscreen: 14.4” PixelSense™ Flow Display, Resolution: 2400 x 1600 (200 PPI) , Refresh rate: up to 120Hz , Aspect ratio: 3:2, Contrast ratio: 1500:1, Color profile: sRGB and Vivid, Individually color-calibrated display,...",-23%
"Dell XPS 13 - 13.4"" - Core Ultra 7 155H - 16GB Ram - 512GB SSD - Intel Arc Graphics","$1,299.00","$1,500.00","Specifications: Processor: Intel® Core™ Ultra 7 Processor 155H (24MB Cache, 16 cores, up to 4.8 GHz) Memory: 16GB, LPDDR5X, 7467MT/s, integrated, dual channel Storage: 512 GB, M.2, PCIe NVMe, SSD Display: 13.4"", FHD+ 1920 x 1200, 30-120Hz, Non-Touch, Anti-Glare, 500 nit, EyeSafe, InfinityEdge Graphics: Intel®...",-13%
"Acer SWIFT GO - SFG14-71T-72QV - 14"" Touchscreen - Core I7-1355U - 16GB Ram - 512GB SSD - Intel Iris Graphics",$660.00,$800.00,"Specifications: Processor: Intel® Core™ i7-1355U Processor (12M Cache, up to 5.00 GHz)  Memory: 16GB Ram Storage: 512GB SSD Display: 14"" WUXGA (1920 x 1200) 16:10 IPS 60 Hz Touchscreen Graphics: Intel Iris Xe Ports:  2 USB Type-C (Thunderbolt 4/USB 4), 2 USB 3.2 Gen 1 ports (one supporting...",-18%
"Lenovo ThinkPad P15 G2 MOBILE WORKSTATION 20YQ0057US - 15.6"" - Intel Xeon W-11855M - 128GB Ram - 1TB SSD - RTX A5000 Max-Q 16GB","$2,399.00","$3,000.00","Specifications: Processor:   Intel® Xeon® W-11855M (6C / 12T, 3.2 / 4.9GHz, 18MB) Memory:  128GB Ram Storage:  1 TB SSD M.2 2280 PCIe® 4.0x4 Performance NVMe® Opal 2.0 Display: 15.6"" UHD (3840x2160) IPS 600nits Anti-glare, 100% Adobe® RGB, DisplayHDR™ 400, Dolby Vision Graphics: NVIDIA®...",-20%
"HP Envy 16-H1053DX - 16"" Touchscreen - Core I7-13700H - 16GB Ram - 1TB SSD - RTX 4060 8GB","$1,175.00","$1,300.00","Specifications: Processor: Intel® Core™ i7-13700H (up to 5.0 GHz, 24 MB L3 cache, 14 cores, 20 threads).  Memory: 16GB DDR5 Ram Storage: 1TB SSD Display: 16"" (2560x1600) TOUCHSCREEN 120Hz Graphics: NVIDIA RTX 4060 8GB Ports: 1 USB Type-A 10Gbps signaling rate; 1 USB Type-A...",-10%
"Lenovo ThinkPad T14 Gen 3 21AH00BQUS - 14"" - Core I5-1235U - 16GB Ram - 256GB SSD - Intel Iris Xe",$825.00,"$1,100.00","Specifications: Processor: Intel® Core™ i5-1235U, 10C (2P + 8E) / 12T, P-core 1.3 / 4.4GHz, E-core 0.9 / 3.3GHz, 12MB Memory: 8GB Soldered DDR4-3200 + 8GB SO-DIMM DDR4-3200 Storage: 256GB SSD M.2 2280 PCIe® x4 NVMe® Opal 2.0 Display: 14"" WUXGA (1920x1200) IPS 300nits...",-25%
"Lenovo Ideapad 3 82KU00EDED - 15.6"" - Ryzen 7 5700U - 8GB Ram - 512GB SSD - AMD Radeon Graphics",$500.00,$650.00,"Specifications: Processor: AMD Ryzen 7 5700U (8C / 16T, 1.8 / 4.3GHz, 4MB L2 / 8MB   L3)    Memory: 4GB Soldered DDR4-3200 + 4GB SO-DIMM DDR4-3200    Storage: 512GB SSD M.2 2280 PCIe 3.0x4 NVMe Display: 15.6"" FHD (1920x1080) TN 250nits Anti-glare, 45% NTSC  Graphics: AMD Radeon...",-23%
"Asus VivoBook S 16 Flip 2-IN-1 TP3604VA-IS93T - 16"" Touchscreen - Core I9-13900H - 16GB Ram - 1TB SSD - Intel Iris Xe","$1,100.00","$1,150.00","Specifications: Processor: Intel® Core™ i9-13900H Processor 2.6 GHz (24MB Cache, up to 5.4 GHz, 14 cores, 20 Threads) Memory: 16GB LPDDR5 on board  Storage: 1TB SSD.  Display: 16.0-inch, WUXGA (1920 x 1200) 16:10 aspect ratio, IPS-level Panel, LED Backlit, 60Hz refresh rate, 300nits, 45%...",-4%
"HP Spectre X360 16-F2097 2-IN-1 7G8K5UAR#ABA - 16"" Touchscreen - Core I7-1360P - 16GB Ram - 2TB SSD - Intel Arc A370M 4GB",$880.00,"$1,350.00","  Specifications: Processor:  Intel® Core™ i7-1360P (up to 5.0 GHz with Intel® Turbo Boost Technology, 18 MB L3 cache, 12 cores, 16 threads).  Memory: 16GB DDR4-3200 MHz RAM.  Storage: 2 TB PCIe® Gen4 NVMe™ TLC M.2 SSD Display: 16"" diagonal, UHD+ (3840 x 2400),...",-35%
"HP Spectre X360 16-AA0023 - 16"" Touchscreen - Core Ultra 7 155H - 32GB Ram - 1TB SSD - RTX 4050 6GB","$1,450.00","$1,850.00","Specifications: Processor: Intel® Core™ Ultra 7 155H (up to 4.8 GHz, 24 MB L3 cache, 16 cores, 22 threads).  Memory: 32GB DDR5 Storage: 1TB SSD   Display: 16"" 2.8K (2880 x 1800) X360 TOUCHSCREEN Graphics: RTX 4050 6GB Ports:  1 USB Type-A 10Gbps signaling...",-22%
"Lenovo IdeaPad 5 2-In-1 83DU0009CF - 14.0"" Touch - Core Ultra 7 150U - 16GB Ram - 512GB SSD - Integrated Intel Graphics",$799.00,"$1,000.00","Specifications: Processor:  Intel® Core™ 7 150U, 10C (2P + 8E) / 12T, P-core 1.8 / 5.4GHz, E-core 1.2 / 4.0GHz, 12MB.  Memory: 16GB Soldered LPDDR5x-5200.  Storage: 512GB SSD M.2 2242 PCIe® 4.0x4 NVMe® Display: 14"" WUXGA (1920x1200) IPS 300nits Glossy, 45% NTSC, 60Hz, TÜV...",-20%
"HP Laptop 15-FD0061NE (9Q4P8EA#ABV) - 15.6"" - Core I7-1355U - 8GB Ram - 512GB SSD - MX570 A 2GB Graphics",$690.00,$750.00,"Specifications: Processor: Intel® Core™ i7-1355U (up to 5.0 GHz with Intel® Turbo Boost Technology, 12 MB L3 cache, 10 cores, 12 threads).  Memory: 8 GB DDR4-3200 MHz RAM.  Storage: 512 GB PCIe® NVMe™ M.2 SSD.  Display: 15.6"" diagonal, FHD (1920 x 1080), micro-edge, anti-glare, 250...",-8%
"HP Laptop 15-FD0022NE (91W37EA#ABV) - 15.6"" - Core I7-1355U - 8GB Ram - 512GB SSD - Intel Iris Xe Graphics",$650.00,$700.00,"Specifications: Processor: Intel® Core™ i7-1355U (up to 5.0 GHz with Intel® Turbo Boost Technology, 12 MB L3 cache, 10 cores, 12 threads).  Memory: 8 GB DDR4-3200 MHz RAM.  Storage: 512 GB PCIe® NVMe™ M.2 SSD.  Display: 15.6"" diagonal, FHD (1920 x 1080), micro-edge, anti-glare, 250...",-7%
"HP Laptop 15-FD0054NE - 15.6"" - Core I5-1334U - 8GB Ram - 512GB SSD - Intel Iris Xe Graphics",$500.00,$550.00,"Specifications: Processor: Intel® Core™ i5-1334U (up to 4.6 GHz with Intel® Turbo Boost Technology, 12 MB L3 cache, 10 cores, 12 threads).  Memory: 8 GB DDR4-3200 MHz RAM.  Storage: 512 GB PCIe® NVMe™ M.2 SSD.  Display: 15.6"" diagonal, FHD (1920 x 1080), micro-edge, anti-glare, 250...",-9%
"Lenovo Yoga 7 2-In-1 14IML9 - 14"" Touchscreen - Core Ultra 7 155U - 16GB Ram - 1TB SSD - Intel Graphic",$950.00,"$1,050.00","Specifications: Processor:  Intel® Core™ Ultra 7 155U, 12C (2P + 8E + 2LPE) / 14T, Max Turbo up to 4.8GHz, 12MB Memory: 16GB soldered memory, not upgradable Storage: 1TB SSD M.2 2242 PCIe® 4.0x4 NVMe® Display: 14"" WUXGA (1920x1200) IPS 300nits Glossy / Anti-fingerprint,...",-10%
"Lenovo ThinkPad X1 Carbon G12 - 21KC0046US - 14"" - Core Ultra 7 155U - 32GB Ram - 512GB SSD - Intel Graphics","$1,700.00","$2,000.00","Specifications: Processor: Intel® Core™ Ultra 7 155U Processor (E-cores up to 3.80 GHz P-cores up to 4.80 GHz) Memory: 32 GB LPDDR5X-6400MHz (Soldered) Storage: 512GB SSD Display: 14"" WUXGA (1920 x 1200), IPS, Anti-Glare, Non-Touch, 100%sRGB, 400 nits, 60Hz, Low Power Graphics: Integrated Intel®...",-15%
"Lenovo ThinkPad X1 Carbon G12 - 21KC000MUS - 14"" Touchscreen - Core Ultra 7 165U VPro - 32GB Ram - 1TB SSD - Intel Graphics","$1,850.00","$2,000.00","Specifications: Processor: Intel® Core™ Ultra 7 165U vPro® Processor (E-cores up to 3.80 GHz P-cores up to 4.90 GHz) Memory: 32 GB LPDDR5X-6400MHz (Soldered) Storage: 1 TB SSD M.2 2280 PCIe Gen4 Performance TLC Opal Display: 14"" WUXGA (1920 x 1200), IPS, Anti-Glare, Touch,...",-8%
"Lenovo ThinkPad E16 G2 - 21MA0035US - 16"" - Core Ultra 7 155U - 16GB Ram - 512GB SSD - Intel Arc Graphics",$970.00,"$1,100.00","Specifications: Processor: Intel® Core™ Ultra 7 155H, 16C (6P + 8E + 2LPE) / 22T, Max Turbo up to 4.8GHz, 24MB Memory: 1x 16GB SO-DIMM DDR5-5600 Storage: 512GB SSD M.2 2242 PCIe® 4.0x4 NVMe® Opal 2.0 Display: 16"" WUXGA (1920x1200) IPS 300nits Anti-glare, 45%...",-12%
"Lenovo ThinkPad E16 G2 21MA000BGP - 16"" - Core Ultra 5 125U - 8GB Ram - 512GB SSD - Intel Graphics - Includes Lenovo 15.6"" Laptop Casual Toploader",$800.00,$920.00,"Specifications: Processor: Intel® Core™ Ultra 5 125U, 12C (2P + 8E + 2LPE) / 14T, Max Turbo up to 4.3GHz, 12MB.  Memory: 1x 8GB SO-DIMM DDR5-5600 Storage: 512GB SSD M.2 2242 PCIe® 4.0x4 NVMe® Opal 2.0 Display: 16"" WUXGA (1920x1200) IPS 300nits Anti-glare, 45%...",-13%
"Lenovo ThinkPad E14 G6 21M7000FGR - 14"" - Core Ultra 5 125U - 8GB Ram - 512GB SSD - Intel Graphics - Includes Lenovo 15.6"" Laptop Casual Toploader",$800.00,$890.00,"Specifications: Processor: Intel® Core™ Ultra 5 125U, 12C (2P + 8E + 2LPE) / 14T, Max Turbo up to 4.3GHz, 12MB Memory: 1x 8GB SO-DIMM DDR5-5600 Storage: 512GB SSD M.2 2242 PCIe® 4.0x4 NVMe® Opal 2.0 Display: 14"" WUXGA (1920x1200) IPS 300nits Anti-glare, 45%...",-10%
"HP Pavilion 16T-AF000 - 16"" - Core Ultra 7 155U - 16GB Ram - 512GB SSD - Intel Graphics",$900.00,"$1,000.00","  Specifications: Processor: Intel® Core™ Ultra 7 Processor 155U (12M Cache, up to 4.80 GHz)  Memory: 16GB DDR5 RAM.  Storage: 512 GB PCIe® NVMe™ M.2 SSD Display: 16"" diagonal, WUXGA (1920 x 1200), IPS, micro-edge, anti-glare, 300 nits Graphics: Intel Graphics.  Ports:  2 USB Type-C® 10Gbps signaling rate (USB Power...",-10%
"Microsoft Surface Laptop (7th Edition) ZYT-00026 Copilot+ PC - 15"" TouchScreen - Snapdragon X Elite - 16GB Ram - 1TB SSD - Qualcomm Adreno GPU","$2,000.00","$2,200.00",Specifications: Processor: Snapdragon® X Elite (12 Core).   NPU: Qualcomm® Hexagon™ with 45 trillion operations per second.  Memory: 16GB LPDDR5x RAM.  Storage: 1TB Removable solid-state drive (Gen 4 SSD).  Display: Touchscreen: 15” PixelSense Flow™ Display; Resolution: 2496 x 1664 (201 PPI); Aspect ratio: 3:2; Contrast ratio 1300:1; Dynamic refresh rate...,-9%
Microsoft Surface Pro (11th Edition) Copilot+ PC - 13” OLED - Snapdragon X Elite - 16GB Ram - 512GB SSD - Qualcomm Adreno GPU - Black,"$1,650.00","$2,000.00","Specifications: Processor: Snapdragon® X Elite (12 Core).   NPU: Qualcomm® Hexagon™ with 45 trillion operations per second.  Memory: 16GB LPDDR5x RAM.  Storage: 512GB Removable solid-state drive (Gen 4 SSD).  Display: Touchscreen: 13” PixelSense™ Flow display, Resolution: 2880 x 1920 (267 PPI), Aspect ratio: 3:2, Contrast ratio: 1M:1, Dynamic refresh rate up...",-18%
Microsoft Surface Pro (11th Edition) Copilot+ PC - 13” OLED - Snapdragon X Elite - 16GB Ram - 1TB SSD - Qualcomm Adreno GPU,"$1,950.00","$2,200.00","Specifications: Processor: Snapdragon® X Elite (12 Core).   NPU: Qualcomm® Hexagon™ with 45 trillion operations per second.  Memory: 16GB LPDDR5x RAM Storage: 1TB Removable solid-state drive (Gen 4 SSD).  Display: Touchscreen: 13” PixelSense™ Flow display, Resolution: 2880 x 1920 (267 PPI), Aspect ratio: 3:2, Contrast ratio: 1M:1, Dynamic refresh rate up...",-11%
Lenovo Yoga Book 9 83FF0001US 2-IN-1 - Dual 13.3 Inch Touchscreen - Core Ultra 7 155U - 16GB Ram - 1TB SSD - Intel Graphics - Includes Lenovo Silent Mouse + Folio Stand,"$1,750.00","$2,000.00","  Specifications: Processor:  Intel® Core™ Ultra 7 155U, 12C (2P + 8E + 2LPE) / 14T, Max Turbo up to 4.8GHz, 12MB Memory: 16GB Ram.  Storage: 1TB SSD M.2 2242 PCIe® 4.0x4 NVMe® Display: 2x 13.3"" 2.8K (2880x1800) OLED 400nits Glossy / Anti-fingerprint, 100% DCI-P3,...",-13%
"Lenovo Yoga 7 2-In-1 16IML9 - 16"" Touchscreen - Core Ultra 7 155U - 16GB Ram - 1TB SSD - Intel Graphic",$900.00,"$1,350.00","Specifications: Processor:  Intel® Core™ Ultra 7 155U, 12C (2P + 8E + 2LPE) / 14T, Max Turbo up to 4.8GHz, 12MB Memory: 16GB Soldered LPDDR5x-7467.  Storage: 1TB SSD M.2 2242 PCIe® 4.0x4 NVMe® Display: 16"" WUXGA (1920x1200) IPS 300nits Glossy, 45% NTSC, Dolby® Vision™,...",-33%
"HP Envy X360 16-AC0023DX - 16"" Touchscreen - Core Ultra 7 155U - 16GB Ram - 1TB SSD - Intel Arc Graphics",$925.00,$990.00,"Specifications: Processor: Intel® Core™ Ultra 7 Processor 155U. 12M Cache, up to 4.80 GHz. Memory: 16GB LPDDR5-SDRAM Storage: 1TB SSD Display: 16″ (40.6 cm) WUXGA (1920×1200) Touchscreen.  Graphics: Intel Arc Graphics Ports: HDMI, 2x USB 3.2 Gen 2 (3.1 Gen 2) Type-A, 1x USB 3.2 Gen 2...",-7%
"Lenovo ThinkPad T14 Gen 4 21HD00DGUS - 14"" Touchscreen - Core I7-1355U - 32GB Ram - 1TB SSD - Intel Iris Xe",$950.00,"$1,300.00","Specifications: Processor: Intel® Core™ i7-1355U, 10C (2P + 8E) / 12T, P-core 1.7 / 5.0GHz, E-core 1.2 / 3.7GHz, 12MB.  Memory: 16GB Soldered DDR5-5200 + 16GB SO-DIMM DDR5-5200.  Storage: 1TB SSD M.2 2280 PCIe® 4.0x4 NVMe® Opal 2.0.  Display: 14"" WUXGA (1920x1200) IPS 300nits...",-27%
Microsoft Surface Pro (11th Edition) Copilot+ PC - 13” OLED - Snapdragon X Elite - 32GB Ram - 1TB SSD - Qualcomm Adreno GPU,"$2,200.00","$2,400.00","Specifications: Processor: Snapdragon® X Elite (12 Core).   NPU: Qualcomm® Hexagon™ with 45 trillion operations per second.  Memory: 32GB LPDDR5x RAM.  Storage: 1TB Removable solid-state drive (Gen 4 SSD).  Display: Touchscreen: 13” PixelSense™ Flow display, Resolution: 2880 x 1920 (267 PPI), Aspect ratio: 3:2, Contrast ratio: 1M:1, Dynamic refresh rate up...",-8%
"HP Spectre X360 16-F2008 8V6R2UAR#ABL - 16"" Touchscreen - Core I7-1360P - 32GB Ram - 1TB SSD - Intel Arc A370 4GB","$1,050.00","$1,350.00","Specifications: Processor:  13th Gen i7-1360P 2.20GHz Processor (up to 5 GHz, 18MB Cache, 12-Cores, 16-Threads, 4 Performance-cores).  Memory: 32GB DDR4-3200 MHz RAM.  Storage: 1TB PCIe® Gen4 NVMe™ TLC M.2 SSD.  Display: 16"" diagonal, UHD+ (3840 x 2400), OLED, multitouch-enabled, UWVA, edge-to-edge glass, micro-edge, anti-reflection...",-22%
"Hp Envy X360 2-In-1 9R8R3UA#ABA - 14"" Touchscreen - Core 7-150U - 16GB Ram - 512GB SSD - Intel Iris Xe Graphics",$780.00,$850.00,"Specifications Processor: Intel Core 7 150U 5.4 GHz, 10-Core, 12 MB Cache Processor.  Memory: 16GB DDR4 3200MHz RAM. Storage: 512GB SSD Storage.  Display: 14"" (1920 x 1080) FHD, IPS-Level Panel, Touchscreen Display. Graphics: Integrated Intel Iris Xe Graphics. Ports: 1x USB 3.1 Gen 2 Type-C support Power Delivery...",-8%
"Dell Latitude 7230 Rugged Extreme Tablet - 12"" Touchscreen - Core I7-1260U - 32GB Ram - 512GB SSD - Intel Iris Xe","$1,580.00","$1,750.00","  Specifications: Processor: 12th Gen Intel® Core™ i7-1260U, vPro® (12 MB cache, 10 cores, 12 threads, up to 4.70 GHz Turbo).  Memory: 32GB RAM.  Storage: 512GB SSD NVMe.  Graphics: Intel® Iris® Xe Graphics.  Display: 12"" Touch 1200 nits WVA FHD (1920x1200) 100% sRGB AntiGlare,Outdoor Viewable,front/rear cam,dual mic...",-10%
"HP ProBook 450 G10 85D09EA - 15.6"" - Core I7-1355U - 16GB Ram - 512GB SSD - Intel Iris Xe",$760.00,$875.00,"Specifications: Processor: Intel® Core™ i7-1355U (up to 5.0 GHz with Intel® Turbo Boost Technology, 12 MB L3 cache, 10 cores, 12 threads). Memory: 16GB DDR4 Ram.  Storage: 512 GB PCIe® NVMe™ SSD.  Display:  15.6"" diagonal, FHD (1920 x 1080), IPS, narrow bezel, anti-glare, 250 nits,...",-13%
"Asus Zenbook Duo OLED UX8406MA-PS99T - Dual 14"" Touchscreen - Core Ultra 9 185H - 32GB Ram - 1TB SSD - Intel ARC Graphics","$2,250.00","$2,350.00","  Specifications: Processor: Intel® Core™ Ultra 9 Processor 185H 2.3 GHz (24MB Cache, up to 5.1 GHz, 16 cores, 22 Threads); Intel® AI Boost NPU.  Memory: 32GB LPDDR5X on board.   Storage: 1TB M.2 NVMe™ PCIe® 4.0 SSD.  Display: 14.0-inch, 3K (2880 x 1800)...",-4%
"Asus Vivobook Pro 15 Q533MJ-U73050 - 15.6"" - Core Ultra 7 155U - 16GB Ram - 1TB SSD - RTX 3050 6GB","$1,050.00","$1,350.00","Specifications: Processor: Intel® Core™ Ultra 7 Processor 155H 1.4 GHz (24MB Cache, up to 4.8 GHz, 16 cores, 22 Threads); Intel® AI Boost NPU Memory: 16GB DDR5 RAM (8GB DDR5 on board, 8GB DDR5 SO-DIMM) Storage: 1TB M.2 NVMe™ PCIe® 4.0 SSD Display: 15.6-inch, FHD...",-22%
"Asus Zenbook 14 Q425MA-U71TB - 14"" Touchscreen - Core Ultra 7 155H - 16GB Ram - 1TB SSD - Intel Arc Graphics",$999.00,"$1,200.00","Specifications: Processor: Intel® Core™ Ultra 7 Processor 155H 1.4 GHz (24MB Cache, up to 4.8 GHz, 16 cores, 22 Threads); Intel® AI Boost NPU.  Memory: 16GB LPDDR5X on board.   Storage: 1TB M.2 NVMe™ PCIe® 4.0 SSD.  Display: 14.0-inch, FHD (1920 x 1200) OLED...",-17%
"Dell XPS 16 9640 - 16.3"" - Core Ultra 7 155H - 16GB Ram - 512GB SSD - RTX 4060 8GB","$3,300.00","$3,400.00","Specifications: Processor: Intel® Core™ Ultra 7 Processor 155H (24MB Cache, 16 cores, up to 4.8 GHz).  Memory: 16GB, LPDDR5X, 6400MT/s. ﻿ Storage: 512GB M.2 PCIe NVMe Solid State Drive Display: 16.3"" FHD+ (1920 x 1200) Infinity Edge, Non-Touch, Anti-Glare, 500-nits.  Graphics: NVIDIA® GeForce RTX™...",-3%
"Dell Latitude 7320 - 13"" Touchscreen - Core I7-1180G7 - 16GB Ram - 512GB SSD - Intel Iris Xe - Keyboard Not Included",$900.00,"$1,090.00",Specifications: Processor: Core i7-1180G7.  Memory: 16GB RAM.  Storage: 512GB SSD NVMe.  Graphics: Intel® Iris® Xe Graphics.  Display: 13″ FHD+ (1920×1280) TOUCHSCREEN.  Ports: 2 Thunderbolt™ 4 with Power Delivery and DisplayPort (USB Type-C™).  1 Universal audio jack.  OS: Windows 11.  Color: Gray. ,-17%
"Dell Latitude 7320 - 13"" Touchscreen - Core I5-1140G7 - 16GB Ram - 512GB SSD - Intel Iris Xe - Keyboard Not Included",$700.00,$899.00,Specifications: Processor: Intel Core i5-1140G7 1.1GHz.  Memory: 16GB RAM.  Storage: 512GB SSD NVMe.  Graphics: Intel® Iris® Xe Graphics.  Display: 13″ FHD+ (1920×1280) TOUCHSCREEN.  Ports 2 Thunderbolt™ 4 with Power Delivery and DisplayPort (USB Type-C™).  1 Universal audio jack.  OS: Windows 11 Pro.  Color: Black.  Keyboard Not...,-22%
"Asus Vivobook Pro 16X M7600QE-XB99 - 16"" - Ryzen 9 5900HX - 32GB Ram - 1TB SSD - RTX 3050Ti 4GB","$1,250.00","$1,350.00","  Specifications: Processor: AMD Ryzen 9 5900HX 3.3GHz Memory: 32GB DDR4 Ram Storage: 1TB M.2 NVMe™ PCIe® 4.0 Performance SSD.  Display: 16"" WQUXGA (3840 x 2400) 16:10 OLED Screen 400 nits display with ultra-slim 4-sided NanoEdge bezels Graphics: NVIDIA RTX 3050Ti 4GB Ports:  USB...",-7%
"Lenovo ThinkBook Plus G4 21JJ0004US - 13.3"" + 12"" Touchscreen - Core I7-1355U - 16GB Ram - 512GB SSD - Intel Iris Xe - Includes Stylus Pen",$950.00,"$1,250.00","Specifications: Processor: Intel® Core™ i7-1355U, 10C (2P + 8E) / 12T, P-core 1.7 / 5.0GHz, E-core 1.2 / 3.7GHz, 12MB. Memory: 16GB Soldered LPDDR5x-6400.  Storage: 512GB SSD M.2 2280 PCIe® 4.0x4 NVMe®.  Display: 13.3"" 2.8K (2880x1800) OLED 400nits Anti-reflection / Anti-fingerprint, 100% DCI-P3, DisplayHDR™...",-24%
"Asus Vivobook 14 Flip UP3404VA-OLED007W - 14"" OLED Touchscreen - Core I7-1360P - 16GB Ram - 512GB SSD - Intel Iris Xe - Includes Sleeve Bag + Stylus Pen","$1,065.00","$1,250.00","Specifications: Processor: Intel® Core™ i7-1360P Processor 2.2 GHz (18MB Cache, up to 5.0 GHz, 12 cores, 16 Threads) Memory: 16GB LPDDR5 on board  Storage: 512GB M.2 NVMe™ PCIe® 3.0 SSD.  Display: 14.0-inch, 2.8K (2880 x 1800) OLED 16:10 aspect ratio, 0.2ms response time, 90Hz...",-15%
"Asus Zenbook Duo OLED UX8406MA-PZ044W - Dual 14"" Touchscreen - Core Ultra 7 155H - 16GB Ram - 1TB SSD - Intel ARC Graphics","$1,600.00","$1,850.00","Specifications: Processor: Intel® Core™ Ultra 7 Processor 155H 1.4 GHz (24MB Cache, up to 4.8 GHz, 16 cores, 22 Threads); Intel® AI Boost NPU.  Memory: 16GB LPDDR5X on board.  Storage: 1TB M.2 NVMe™ PCIe® 4.0 SSD.  Display: Dual 14.0-inch, 3K (2880 x 1800) OLED...",-14%
HP ProBook 450 G10 85D06EA - 15.6 Inch - Core I7-1355U - 8GB Ram - 512GB SSD - Intel UHD Graphics,$740.00,$800.00,"Specifications: Processor: Intel® Core™ i7-1355U (up to 5.0 GHz with Intel® Turbo Boost Technology, 12 MB L3 cache, 10 cores, 12 threads). Memory: 8 GB DDR4-3200 MHz RAM (1 x 8 GB).  Storage: 512 GB PCIe® NVMe™ SSD.  Display:  15.6"" diagonal, FHD (1920 x 1080),...",-8%
"Asus VivoBook 15 X1502ZA-EJ1429 - 15.6"" - Core I7-12700H - 8GB Ram - 512GB SSD - Intel Iris Xe",$590.00,$670.00,"Specifications: Processor: Intel® Core™ i7-12700H Processor 2.3 GHz (24M Cache, up to 4.7 GHz, 6P+8E cores). Memory: 8GB DDR4 RAM.  Storage: 512GB M.2 NVMe™ PCIe® 3.0 SSD.  Display: 15.6"" FHD (1920 x 1080) 16:9 aspect ratio, LED Backlit, 60Hz, 220nits, 45% NTSC color gamut, Anti-glare...",-12%
"HP Spectre X360 14-EF2000 9R4T2U8R#ABA - 13.5"" Touchscreen - Core I7-1355U - 32GB Ram - 512GB SSD - Intel Iris Xe",$999.00,"$1,200.00","Specifications: Processor: Intel® Core™ i7-1355U (up to 5.0 GHz with Intel® Turbo Boost Technology, 12 MB L3 cache, 10 cores, 12 threads).  Memory: 32GB LPDDR4x-4266 MHz RAM.  Storage: 512GB PCIe® Gen4 NVMe™ TLC M.2 SSD.  Display: 13.5"" diagonal, WUXGA+ (1920 x 1280), multitouch-enabled, IPS, edge-to-edge glass,...",-17%
"Microsoft Surface Pro (5th Gen) FJS-00001 - 12.3"" Touchscreen - Intel Core M3-7Y30 - 4GB Ram - 128GB SSD - Intel HD Graphics 615",$450.00,$550.00,"Specifications: Processor: Intel® Core M3-7Y30.  Memory: 4GB RAM.  Storage: 128GB SSD.  Display: 12.3” PixelSense™ Display, Resolution: 2736 x 1824 (267 PPI), Aspect Ratio: 3:2, Touch: 10 point multi-touch.  Graphics: Intel® HD Graphics 615.  Ports: 1 x Full-size USB 3.0.  microSDXC card reader.  Surface Connect. ...",-18%
"Microsoft Surface Pro 9 QLQ-00001 - 13"" Touchscreen - Core I7-1265U - 32GB Ram - 1TB SSD - Intel Iris Xe - Accessories Sold Separately","$2,200.00","$2,650.00","Specifications: Processor: Intel Core i7-1265U.  Memory: 32GB LPDDR5 RAM.  Storage: 1TB NVMe SSD.  Display: 13"" PixelSense Flow 10-Point Touchscreen.  Graphics: Integrated Intel Iris Xe Graphics.  Ports: 4 x Type-C Thunderbolt.  OS: Windows 11 Pro.  Color: Platinum. ",-17%
"Lenovo ThinkPad T14 Gen 4 21HD002BUS - 14"" Touchscreen - Core I7-1355U - 16GB Ram - 512GB SSD - Intel Iris Xe","$1,300.00","$1,500.00","Specifications: Processor: Intel Core i7-1355U, 10C (2P + 8E) / 12T, P-core 1.7 / 5.0GHz, E-core 1.2 / 3.7GHz, 12MB.  Memory: 16GB Soldered DDR5-5200.  Storage: 512GB SSD M.2 2280 PCIe® 4.0x4 NVMe® Opal 2.0.  Display: 14"" WUXGA (1920x1200) IPS 300nits Anti-glare, 45% NTSC, Touch. ...",-13%
Lenovo Thinkpad X1 Extreme G5 - 16 Inch - Core I9-12900H - 32GB Ram - 1TB SSD - RTX 3080Ti 16GB,"$2,299.00","$2,800.00","Specifications: Processor: Powered by Intel® Core™ i9-12900H 2.5GHz processor.  Memory: 32GB DDR4 RAM for lightning-fast multitasking.  Storage: 1TB SSD for large file storage needs.  Display: 16"" display with 2560x1600 resolution.  Graphics: NVIDIA® RTX 3080 Ti 16GB dedicated graphics.  Ports: 2 USB-A 3.2 Gen 1...",-18%
Lenovo ThinkPad T15G G2 - 15.6 Inch - Core I7-11850H - 16GB Ram - 512GB SSD - RTX 3080 16GB,"$1,499.00","$2,000.00","Specifications: Processor:  Core™ i7-11850H 2.5GHz .  Memory: 16GB RAM.  Storage: 512GB SSD.  Display: 15.6"" FHD (1920x1080) IPS 500nits Anti-glare, 72% Gamut,   Dolby Vision, HDR.  Graphics: NVIDIA® RTX™ 3080 16GB.  Ports: 2x USB 3.2 Gen 1 (one Always On)    .  1x Ethernet (RJ-45).  1x USB-C 3.2 Gen...",-25%
"Dell Mobile Precision 3581 PRE0158210-R0023665-SA - 15.6"" - Core I7-13800H - 64GB Ram - 2TB SSD - RTX A500 4GB","$1,450.00","$1,550.00","Specifications: Processor: Intel® Core™ i7-13800H, vPro® Enterprise (24MB Cache, 14 Cores, 20 Threads, 2.5-5.2 GHz Turbo, 45W) Memory: 64GB, 2x32GB 5200MT/s SODIMM, DDR5, non-ECC.  Storage: 2TB SSD.  Display: 15.6"" FHD (1920x1080).  Graphics: NVIDIA® RTX A500 4GB.  Ports: 1 RJ-45 Ethernet port 1 USB 3.2 Gen 1...",-6%
Lenovo ThinkPad P14S G1 20S40023CA - 14 Inch - Core I7-10510U - 16GB Ram - 512GB SSD - NVIDIA Quadro P520 2GB,$650.00,"$1,100.00","Specifications: Processor: Intel Core i7-10510U (4C / 8T, 1.8 / 4.9GHz, 8MB).  Memory: 16GB Onboard DDR4-2666 non-ECC.  Storage: 512GB SSD M.2 2280 PCIe NVMe Opal2.  Display: 14"" FHD (1920x1080) IPS 250nits Anti-glare, 45% Gamut.  Graphics: NVIDIA Quadro P520 2GB GDDR5.  Ports: 2x USB 3.2...",-41%
HP ZBOOK Firefly G8 - 14 Inch - Core I5-1145G7 - 16GB Ram - 256GB SSD - NVIDIA T500 4GB,$650.00,$850.00,"Specifications: Processor: Intel® Core™ i5-1145G7 (2.6 GHz base frequency, up to 4.4 GHz with Intel® Turbo Boost Technology, 8 MB L3 cache, 4 cores, 8 threads).  Memory: 16 GB DDR4-3200 MH.  Storage: 256 GB PCIe® NVMe™ TLC SSD.  Display: 14"" diagonal, FHD (1920 x...",-24%
Microsoft Surface Laptop 5 RKL-00001 - 15 Inch - Core I7-1255U - 32GB Ram - 1TB SSD - Intel Iris Xe Graphics,"$2,000.00","$2,200.00","Specifications: Processor:  Intel Core i7-1255U (12th Gen) Up to 4.7 GHz Performance Dual-Core, Up to 3.5 GHz Efficiency 8-Core, 12 MB cache.  Memory: 32GB DDR5.  Storage:  1 TB M.2 NVMe PCIe.  Display: 15"" 2496 x 1664 PixelSense Touchscreen.  Graphics: Intel Iris Xe Graphics.  Ports: 1 x USB-A 3.0 /...",-9%
"Microsoft Surface Laptop Studio 2 Z3G-00001 - 14.4"" Touchscreen - Core I7-13700H - 64GB Ram - 2TB SSD - RTX 4060 8GB","$3,700.00","$3,999.00","Specifications: Processor: 13th Gen® Core™ i7-13700H Processor, Built on the Intel® Evo™ platform. Memory: 64GB LPDDR5x RAM.  Storage:  2TB Gen 4 SSD.  Display: Touchscreen: 14.4” PixelSense™ Flow Display, Resolution: 2400 x 1600 (200 PPI) , Refresh rate: up to 120Hz , Aspect ratio: 3:2, Contrast ratio: 1500:1, Color profile: sRGB...",-7%
"Sony VAIO FE14 VWNC51427 - 14.1"" - Core I5-1235U - 8GB Ram - 512GB SSD - Intel Iris Xe - Black",$560.00,$630.00,"Specifications: Processor: 12th Gen Intel Core i5-1235U Processor (2.40 GHz, up to 4.20 GHz, 12M Cache).  Memory: 8 GB LPDDR4x 4266 MHz.  Storage: 512GB PCIe SSD.  Display: 14.1” LCD IPS FHD Display, (1920 x 1080), Narrow-Bezel.  Graphics: Intel Iris Xe.  Ports: 1 x Full HDMI...",-11%
HP 250 G9 6S6V4EA - 15.6 Inch - Core I7-1255U - 8GB Ram - 512GB SSD - Intel UHD Graphics,$635.00,$715.00,"  Specifications: Processor: Intel® Core™ i7-1255U (up to 4.4 GHz with Intel® Turbo Boost Technology, 12 MB L3 cache, 10.  Memory: 8 GB DDR4-3200 MHz RAM (1 x 8 GB).  Storage: 512 GB PCIe® NVMe™ SSD.  Display: 15.6"" diagonal, FHD (1920 x 1080), SVA, narrow bezel,...",-11%
"Acer Aspire A515-58GM-56TV - 15.6"" - Core I5-1335U - 8GB Ram - 512GB SSD - RTX 2050 4GB",$655.00,$730.00,"Specifications: Processor: Intel® Core™ i5-1335U.  Memory: 8GB DDR4 SDRAM.  Storage: 512GB SSD PCIe® NVMe®.  Display: 15.6"" Full HD 1920 x 1080 pixels.  Graphics: NVIDIA® GeForce RTX™ 2050 4GB.  Ports: 1x USB Type-C Thunderbolt™ 4 + support for charging).  2x USB Type A.  HDMI.  OS: DOS.  Color: Steel Gray. ",-10%
"Acer Aspire A515-58GM-77HH - 15.6"" - Core I7-1355U - 8GB Ram - 512GB SSD - RTX 2050 4GB",$760.00,$950.00,"Specifications: Processor: Intel® Core™ i7-1355U Up to 5.0 GHz Deca-core (10 Core™).  Memory: 8GB DDR4 SDRAM.  Storage: 512GB SSD PCIe® NVMe®.  Display: 15.6"" Full HD 1920 x 1080 pixels.  Graphics: NVIDIA® GeForce RTX™ 2050 4GB.  Ports: 1x USB Type-C Thunderbolt™ 4 + support for charging).  2x USB Type A. ...",-20%
Microsoft Surface Pro 9 QIY-00007 - 13 Inch - Core I7-1255U - 16GB Ram - 512GB SSD - Intel Iris Xe,"$1,500.00","$1,900.00","Specifications: Processor: Intel Core i7-1255U 10-Core.  Memory: 16GB LPDDR5 RAM.  Storage: 512GB NVMe SSD.  Display: 13"" PixelSense Flow 10-Point Touchscreen.  Graphics: Integrated Intel Iris Xe Graphics.  Ports: 4 x Type-C Thunderbolt.  OS: Windows 11.  Color: Platinum.  Microsoft Surface Keyboard And Pen are sold separately ",-21%
"DELL XPS 15 9530 - 15.6"" - Core I9-13900H - 32GB Ram - 1TB SSD - RTX 4070 8GB","$2,550.00","$3,200.00","Specifications: Processor: 13th Gen Intel® Core™ i9-13900H (24 MB cache, 14 cores, up to 5.40 GHz Turbo).  Memory: 32 GB, 2 x 16 GB, DDR5, 4800 MT/s.  Storage: 1 TB, M.2, PCIe NVMe, SSD.  Display: 15.6"", 3.5K 3456x2160, 60Hz, OLED, Touch, Anti-Reflect, 400 nit,...",-20%
"MSI Prestige 14 H B13UCX - 14"" - Core I7-1360P - 16GB Ram - 1TB SSD - RTX 2050 4GB","$1,195.00","$1,500.00","Specifications: Processor: 13th Generation Intel Core i7-1360P Up To 5GHz.  Memory: 16GB LPDDR5-4800 RAM.  Storage: 1TB NVMe PCIe Gen4. Display: 14"" 16:10 FHD+ (1920x1200), 100% sRGB(Typical), 400nits, Lower Power, IPS-Level panel.  Graphics: RTX 2050, GDDR6 4GB.  Ports 2x Type-C (USB / DP / Thunderbolt™ 4) with PD...",-20%
HP ProBook 450 G9 5Y3T5EA - 15.6 Inch - Core I7-1255U - 16GB Ram - 512GB SSD - MX570 2GB,$790.00,$925.00,"Specifications: Processor: Intel® Core™ i7-1255U (up to 4.7 GHz with Intel® Turbo Boost Technology, 12 MB L3 cache, 10 cores, 12 threads).  Memory: 16GB Ram.  Storage: 512GB PCIe® NVMe™ TLC SSD.  Display:  15.6"" diagonal, FHD (1920 x 1080), IPS, narrow bezel, anti-glare, 250 nits, 45% NTSC. ...",-15%
HP ProBook 440 G9 5Y3R5EA - 14 Inch- Core I7-1255U - 8GB Ram - 512GB SSD - Intel Iris Xe,$790.00,$865.00,"Specifications: Processor: Intel® Core™ i7-1255U (up to 4.7 GHz with Intel® Turbo Boost Technology, 12 MB L3 cache, 10 cores, 12 threads).  Memory: 8GB Ram.  Storage: 512 GB SSD PCIe® NVMe™ M.2 SSD.  Display:  14″ diagonal, FHD (1920 x 1080), IPS, narrow bezel, anti-glare, 250...",-9%
HP ProBook 450 G9 5Y3T8EA - 15 Inch - Core I5-1235U - 8GB Ram - 512GB SSD - MX570 2GB,$750.00,$850.00,"Specifications: Processor: Intel® Core™ i5-1235U (up to 4.4 GHz with Intel® Turbo Boost Technology, 12 MB L3 cache, 10 cores, 12 threads) 1 2.  Memory: 8 GB DDR4-3200 MHz RAM (1 x 8 GB) Storage: 512GB PCIe® NVMe™ TLC SSD Display:  15.6"" diagonal, FHD (1920...",-12%
HP Chromebook 14A - 14 Inch - Celeron N4500 - 4GB Ram - 128GB SSD - Intel UHD Graphics,$300.00,$350.00,"Specifications: Processor: Intel® Celeron® N4500 (up to 2.8 GHz burst frequency, 4 MB L3 cache, 2 cores, 2 threads).  Memory:  4 GB LPDDR4x-2933 MHz RAM (onboard).  Storage: 128 GB eMMC.  Display:  14"" diagonal, FHD (1920 x 1080), IPS, micro-edge, anti-glare, 250 nits, 45% NTSC. ...",-14%
Asus VivoBook D415DA-BV589 – 14 Inch - Ryzen 3 - 4GB - 256GB - AMD Radeon Graphics,$365.00,$450.00,"  Specifications: Processor: AMD Ryzen™ 3 3250U Processor.  Memory: 4GB DDR4 on board.  Storage: 256GB M.2 NVMe™ PCIe® 3.0 SSD.  Display: 14.0-inch, HD (1366 x 768) 16:9.  Graphics: AMD Radeon™ Graphics.  Ports:  1x USB 3.2 Gen 1 Type-A.  1x USB 3.2 Gen 1 Type-C.  2x USB 2.0 Type-A.  1x...",-19%
Asus E510KA-EJ069T - 15.6 Inch - Celeron 4500 - 4GB Ram - 128GB EMMC + 256GB SSD - Intel HD Graphics,$325.00,$450.00,"  Specifications: Processor: Celeron 4500.  Memory: 4GB Ram.  Storage: 256GB NVMe SSD + 128GB eMMC.  Display: 15.6-inch, FHD (1920 x 1080).  Graphics: Intel HD Graphics.  Ports: 1x USB 2.0 Type-A.  1x USB 3.2 Gen 1 Type-A. 1x USB 3.2 Gen 1 Type-C.  1x HDMI 1.4. ...",-28%
Asus X415MA-BV373 - 14 Inch - Celeron 4020 - 4GB Ram - 256GB SSD - Intel HD Graphics,$280.00,$350.00,"  Specifications: Processor: Celeron 4020.  Memory: 4GB Ram.  Storage: 256GB NVMe SSD.  Display: 14"" HD.  Graphics: Intel HD Graphics.  Ports: 1x USB3.  1x USBC.  2x USB2 .  OS: DOS.  Color: Black. ",-20%
Acer Aspire A315-35-C0L4 - 15.6 Inch - Celeron N4500 - 4GB Ram - 1TB HDD - Intel HD Graphics,$250.00,$350.00,"  Specifications: Processor: Celeron N4500.  Memory: 4GB Ram.  Storage: 1TB HDD.  Display: 15.6"" FHD Comfyview.  Graphics: Intel® HD Graphics.  Ports: HDMI: Yes.  Number of HDMI Outputs: 1.  Number of USB 2.0 Ports: 1.  Number of USB 3.2 Gen 1 Type-A Ports: 2.  Total Number of USB Ports: 3. ...",-29%
Acer TMP215 TravelMate TMP215-53G-53ZU – 15.6 Inch - Core I5-1135G7 - 8GB Ram - 1TB HDD - MX330 2GB DDR5,$520.00,$580.00,"  Specifications: Processor: Core i5-1135G7, 2.40 GHz, Quad-core (4 Core™), 11th Gen.  Memory: 8GB Ram DDR4.  Storage: 1TB HDD.  Display: 15.6"", LCD, LED, 1920 x 1080.  Graphics: MX 330  2GB DDR5.  Ports: HDMI: Yes.  Number of HDMI Outputs: 1.  VGA: Yes.  Number of USB 3.2 Gen 1 Type-A Ports:...",-10%
Asus E210MA-GJ116 - 11.6 Inch - Celeron N4020 - 4GB Ram - 256GB SSD - Intel HD Graphics,$250.00,$350.00,"  Specifications: Processor:  Intel® Celeron® N4020 Processor 1.1 GHz (4M Cache, up to 2.8 GHz, 2 cores).  Memory:  4GB LPDDR4 on board.  Storage:  256GB M.2 NVMe™ PCIe® 3.0 SSD.  Display:  11.6-inch, HD (1366 x 768) 16:9 aspect ratio, LED Backlit, 60Hz refresh rate, 200nits, 45%...",-29%
Asus X543MA-GQ1012 - 15.6 Inch - Celeron N4020 - 4GB Ram - 1TB HDD - Intel HD Graphics,$205.00,$300.00,"Specifications: Processor:  Intel® Celeron® N4020 Processor 1.1 GHz (4M Cache, up to 2.8 GHz, 2 cores).  Memory:  4GB LPDDR4 on board.  Storage:  1TB SATA 5400RPM 2.5"" HDD.  Display:  15.6-inch, HD (1366 x 768) 16:9 aspect ratio, LED Backlit, 60Hz refresh rate, 200nits.  Graphics:  Intel®...",-32%
HP 250 G9 6S797EA - 15.6 Inch - Core I3-1215U - 8GB Ram - 256GB SSD - Intel UHD Graphics,$390.00,$460.00,"Specifications: Processor:  Intel® Core™ i3-1215U (up to 4.4 GHz with Intel® Turbo Boost Technology, 10 MB L3 cache, 6 cores, 8 threads).  Memory: 8 GB DDR4-3200 MHz RAM (1 x 8 GB).  Storage: 256 GB PCIe® NVMe™ SSD.  Display: 15.6"" diagonal, FHD (1920 x 1080), SVA,...",-15%
Lenovo Thinkpad Z16 G1 21D4000JUS - 16-Inch Touchscreen - Ryzen 7 PRO 6850H - 16GB Ram - 512GB SSD - Radeon RX 6500M 4GB,"$1,400.00","$1,500.00","Specifications: Processor: AMD Ryzen™ 7 PRO 6850H Processor (3.20 GHz up to 4.70 GHz).  Memory:  16GB Soldered LPDDR5-6400.  Storage: 512GB  SSD M.2 2280 PCIe® 4.0x4 Performance NVMe® Opal 2.0.  Display: 16"" WUXGA (1920 x 1200), IPS, Anti-Reflection/Anti-Smudge, Touch, 100%sRGB, 400 nits, 60Hz, Low Power,...",-7%
Dell Inspiron 15 3520 - 15.6 Inch Touchscreen - Core I7-1255U - 16GB Ram - 512GB SSD - Intel Iris Xe,$750.00,"$1,100.00",Specifications:  Processor: Core i7-1255U 1.7GHz.  Memory: 16GB Ram.  Storage: 512GB SSD.  Display: 15.6″ FHD (1920×1080) Touchscreen.  Graphics: Intel Iris Xe.  Ports USB Type-C 3.2 Gen2 with DisplayPort alt mode/Power Delivery.  2 USB 3.2 Gen 1 Type-A port.  1 USB 2.0 port.  1 HDMI 1.4a...,-32%
Lenovo ThinkPad L13 Yoga 21B5002AED - 13.3 Inch Touchscreen - Core I7-1255U - 16GB Ram - 512GB SSD - Intel Iris Xe,"$1,650.00","$1,685.00","Specifications: Processor: Intel® Core™ i7-1255U, 10C (2P+8E)/12T, 1.7/4.7GHz P-core, 1.2/3.5GHz E-core, 12MB cache.  Memory: 16GB DDR4-3200 RAM.  Storage: 512GB SSD M.2 2242 PCIe® 4.0x4 NVMe® Opal 2.0.  Display: 13.3"" WUXGA (1920x1200) IPS 300nits w/ anti-glare/smudge, 100% sRGB, touchscreen.  Graphics: Integrated Intel® Iris® Xe Graphics.  Ports:...",-2%
Lenovo ThinkPad L14 G3 21C10081ED - 14 Inch - Core I7-1255U - 8GB Ram - 512GB SSD - Intel Iris Xe Graphics,"$1,189.00","$1,350.00","Specifications: Processor: Intel® Core™ i7-1255U, 10C (2P + 8E) / 12T, P-core 1.7 / 4.7GHz, E-core 1.2 / 3.5GHz, 12MB.  Memory: 8 GB DDR4-3200MHz.  Storage: 512 GB SSD M.2 2242 PCIe Gen4 TLC Opal.  Display: 14"" FHD (1920 x 1080), IPS, Anti-Glare, Non-Touch, 45%NTSC,...",-12%
Lenovo ThinkBook 16 G4 - 21CY0036ED - Core I7-1260P - 16GB Ram - 512GB SSD - RTX 2050 4GB,"$1,210.00","$1,250.00","Specifications: Processor: Intel® Core™ i7-1260P, 12C (4P + 8E) / 16T, P-core 2.1 / 4.7GHz, E-core 1.5 / 3.4GHz, 18MB.  Memory: 16GB Soldered LPDDR5-4800.  Storage: 512GB SSD M.2 2242 PCIe® 4.0x4 NVMe.  Display: 16"" WQXGA (2560x1600) IPS 350nits Anti-glare, 100% sRGB, 60Hz.  Graphics: NVIDIA®...",-3%
Lenovo ThinkBook 15 G4 21DJ003UED - 15.6 Inch - Core I5-1235U - 8GB Ram - 512GB SSD - MX550 2GB,$740.00,$785.00,"Specifications:  Processor: Intel Core i5-1235U (10C 2P+8E/12T, P/E cores 1.3/0.9GHz, 12MB).  Memory: 8GB DDR4-3200 soldered.  Storage: 512GB SSD M.2 2242 PCIe 4.0x4 NVMe.  Display: 15.6"" FHD (1920x1080; TN, 250nits, 45% NTSC).  Graphics: NVIDIA GeForce MX550 2GB GDDR6.  Ports: 1x USB 3.2 Gen 1,  1x...",-6%
Lenovo ThinkBook 15 G4 21DJ003NED - 15.6 Inch - Core I3-1215U - 8GB Ram - 256GB SSD - Integrated Intel UHD,$510.00,$560.00,"Specifications: Processor: Intel® Core™ i3-1215U, 6C (2P+4E) 8T, P-core 1.2/4.4GHz, E-core 0.9/3.3GHz, 10MB. Memory: 8GB soldered DDR4-3200. Storage: 256GB SSD M.2 2242 PCIe® 4.0x4 NVMe. Display: 15.6"" FHD (1920x1080) TN 250nits Anti-glare, 45% NTSC. Graphics: Integrated Intel® UHD. Ports: 1x USB 3.2 Gen 1,...",-9%
HP ProBook 455 G7 7JN03AV - 15.6 Inch - Ryzen 7 4700U - 8GB Ram - 1TB HDD - Radeon RX Vega 10,$640.00,$750.00,"Specifications: Processor: AMD Ryzen 7 4700U - 2.2 GHz Up to 3.8GHz.  Memory: 8GB RAM.  Storage: 1TB HDD.  Display: 15.6"" Full HD (1920x1080), Anti-glare coating, Brightness 250 nits, NTSC 45%.  Graphics: AMD Radeon Graphics.  Ports: 2 USB 3.1 Gen 1.  1 SuperSpeed USB Type-C® 10Gbps signaling...",-15%
MSI Summit E13 Flip Evo A13MT-234US - 13.4 Inch - Core I7-1360P - 32GB Ram - 1TB SSD - Intel Iris Xe - Includes Msi Pen,"$1,099.00","$1,200.00","Specifications: Processor: Core i7-1360P 2.2GHz.  Memory: 32GB RAM.  Storage: 1TB SSD.  Display: 13.4"" FHD (1920x1200) TOUCHSCREEN 120Hz.  Graphics: Intel Iris Xe.  Ports: 2x Type-C (USB / DP / Thunderbolt™ 4) with PD charging.  1x Type-A USB3.2 Gen1.  1x Micro SD Card Reader.  1x HDMI™ 2.1...",-8%
Microsoft Surface Laptop Studio - 14.4 Inch Touchscreen - Core I5-11300H - 16GB Ram - 256GB SSD - Intel Iris Xe,"$1,200.00","$1,600.00","Specifications: Processor: Intel Core i5-11300H, Total Cores 4 ; Total Threads 8 ; Max Turbo Frequency 4.40 GHz ; Cache 8 MB Intel® Smart Cache ; Bus Speed 4 GT/s.  Memory: 16GB LPDDR4x RAM.  Storage: 256GB SSD.  Display: Screen: 14.4-inch PixelSense™ Flow Display5 Refresh rate: up...",-25%
"Lenovo ThinkPad T14 G2 - 14"" Touchscreen - Ryzen 5 Pro 5650U - 16GB Ram - 256GB SSD - AMD Radeon Graphics",$650.00,"$1,200.00","Specifications: Processor:  AMD Ryzen™  5 PRO 5650U 1.9GHz.  Memory: 16GB RAM.  Storage: 256GB SSD M.2 2242 PCIe® 3.0x4 NVMe®.  Display: 14"" FHD (1920x1080) Touchscreen.  Graphics: AMD Radeon Integrated Graphics.  Ports: 1x USB 3.2 Gen 1.  1x USB 3.2 Gen 1 (Always On).  2x Thunderbolt...",-46%
Microsoft Surface Pro 3 - 12 Inch Touchscreen - Core I5-4300U - 8GB Ram - 256GB SSD - Intel HD Graphics (Used),$390.00,$400.00,"Specifications: Processor: Intel® Core™ i5-4300U Processor (3M Cache, up to 2.90 GHz).  Memory: 8GB RAM.  Storage: 256GB SSD.  Display: 12” (2160 x 1440) Touchscreen.  Graphics: Intel HD Graphics.  Ports: 1x USB-A 3.0.  1x Mini Display Port.  1x Headphone Jack.  OS: Windows 10 Pro.  Color: Silver. ",-3%
Microsoft Surface Pro 3 - 12 Inch Touchscreen - Core I5-4300U - 4GB Ram - 128GB SSD - Intel HD Graphics (Used),$290.00,$350.00,"Specifications: Processor: Intel® Core™ i5-4300U Processor (3M Cache, up to 2.90 GHz).  Memory: 4GB RAM.  Storage: 128GB SSD.  Display: 12” (2160 x 1440) Touchscreen.  Graphics: Intel HD Graphics.  Ports: 1x USB-A 3.0.  1x Mini Display Port.  1x Headphone Jack.  OS: Windows 10 Pro.  Color: Silver. ",-17%
Asus Zenbook UX393EA-XB77T Ultra Slim - 13.9 Inch Touch - Core I7-1165G7 - 16GB Ram - 1TB SSD - Intel Iris Xe,$999.00,"$1,280.00","Specifications: Processor: Intel Core i7-1165G7 2.8GHz.  Memory: 16 GB Ram.  Storage: 1TB SSD   .  Display: 13.9"" (3300x2200) TOUCHSCREEN.  Graphics: Intel Iris XE Graphics.  Ports: 2x Thunderbolt 3 USB-C.  1x USB-A 3.2.  HDMI.  MicroSD Reader.  OS: Windows 10 Pro.  Color: Jade Black  . ",-22%
"Dell XPS 9310 - 13.4"" Touchscreen - Core I7-1185G7 - 16GB Ram - 512GB SSD - Intel Iris Xe",$780.00,$850.00,"Specifications: Processor:  Core™ i7-1185G7 3.0GHz.  Memory: 16 GB, 4 x 4 GB, LPDDR4x, 4267 MHz, dual-channel Storage: 512GB SSD Display: 13.4"" FHD+ (1920x1200) TOUCHSCREEN Graphics: Intel Iris Xe Ports: 2 Thunderbolt™ 4 ports 1 headset (headphone and microphone combo) port OS: Windows 11.  Color:...",-8%
HP Envy 6X6S1U8R - 15.6 Inch - Core I7-11800H - 16GB Ram - 512GB SSD - RTX 3050Ti 4GB,$999.00,"$1,500.00","Specifications: Processor: Intel® Core™ i7-11800H (up to 4.6 GHz, 24 MB L3 cache, 8 cores, 16 threads).  Memory: 16 GB DDR4-3200 SDRAM (2 x 8 GB).  Storage: 512 GB PCIe® NVMe™ TLC M.2 SSD (4x4 SSD).  Display: 15.6"" diagonal FHD, IPS, anti-glare, micro-edge, WLED-backlit,...",-33%
Lenovo ThinkBook 13s G4 21AR002SED - 13.3 Inch - Core I7-1260P - 16GB Ram - 512GB SSD - Intel Iris Xe,"$1,180.00","$1,230.00","Specifications: Processor: Intel Core i7-1260P, 12C (4P + 8E) / 16T, P-core 2.1 /   4.7GHz, E-core 1.5 / 3.4GHz, 18MB    Memory: 16GB Soldered LPDDR5-4800    Storage: 512GB SSD M.2 2242 PCIe 4.0x4 NVMe    Display: 13.3"" WQXGA (2560x1600) Low power IPS 300nits   Anti-glare, 100% sRGB, Dolby Vision    Graphics:...",-4%
HP Envy X360 66B41UA - 13.3 Inch - Core I7-1250U - 8GB Ram - 512GB SSD - Intel Iris Xe,$950.00,"$1,070.00","Specifications: Processor: Intel® Core™ i7-1250U (up to 4.7 GHz, 12 MB L3 cache, 10   cores, 12 threads).  Memory: 8 GB (Onboard)   .  Storage: 512 GB PCIe® NVMe™ M.2 SSD   .  Display: 13.3"" diagonal, WUXGA (1920 x 1200),   multitouch-enabled, IPS, edge-to-edge glass, micro-edge, 400 nits  .  Graphics:...",-11%
Lenovo Thinkpad X1 Yoga G7 21CDCTO1WW - 14 Inch Touchscreen - Core I7-1260P - 16GB Ram - 512GB SSD - Intel Iris Xe Graphics - Lenovo Integrated Pen,"$1,499.00","$2,300.00","Specifications: Processor: Intel Core i7-1260P.  Memory: 16GB RAM.  Storage: 512GB SSD.  Display: 14"" (1920 x 1080) touchscreen.  Graphics: Intel Iris Xe.  Ports: 2 x USB-C Thunderbolt™ 4.  2 x USB-A 3.2 Gen 1.  headphone/mic combo.  HDMI 2.0b.  integrated pen slot.  O/S: Windows 10 Pro. ...",-35%
Lenovo ThinkPad X1 Carbon G10 21CB000BUS - 14 Inch - Core I7-1260P - 16GB Ram - 512GB SSD - Intel Iris Xe,"$1,580.00","$1,900.00","Specifications: Processor: Intel Core i7-1260P, 12C (4P + 8E) / 16T, P-core 2.1 / 4.7GHz, E-core 1.5 / 3.4GHz, 18MB.  Memory: 16GB Soldered LPDDR5-5200.  Storage: 512GB SSD M.2 2280 PCIe 4.0.  Display: 14"" WUXGA (1920x1200) IPS 400nits Anti-glare, 100% sRGB, Low Power.  Graphics: Intel...",-17%
Lenovo ThinkPad P15v G2 21D8001WED - 15.6 Inch - Core I7-12800H - 16GB Ram - 512GB SSD - Quadro T600 4GB,"$2,180.00","$2,300.00","Specifications: Processor:  Intel® Core™ i7-12800H Memory:  16GB DDR4 3200MHz (2 x 16 GB) Storage:  512GB PCIe SSD Display:  15.6"" FHD 1920 x 1080 IPS, anti-glare 300 nits Graphics: NVIDIA® Quadro T600 4GB Ports: Headphone/mic SD card HDMI 2 x USB-A 3.2 Gen 1 RJ45...",-5%
"Dell Latitude 5420 18BFDB3 - 14"" - Core I5-1145G7 - 16GB Ram - 512GB SSD - Intel Iris Xe",$670.00,$910.00,"  Specifications: Processor: 11th Generation Intel® Core™ i5-1145G7 (4 Core, 8M cache,   base 2.6GHz, up to 4.4GHz, vPro).  Memory: 16GB, 2X4 GB 3200MHz DDR4 Non-ECC.  Storage: 512GB SSD.  Display: 14"" FHD    Graphics: Intel Iris Xe Graphics.  Ports USD 4.0 Memory Card Reader Global Headset Jack...",-26%
